,0
0,0.0
1,0.09
2,0.09
3,0.17
4,0.89
5,1.07
6,1.81
7,2.26
8,2.73
9,2.92
10,2.91
11,2.96
12,3.57
13,3.6
14,3.69
15,4.06
16,4.15
17,4.25
18,4.26
19,4.6
20,4.77
21,4.96
22,5.1
23,5.18
24,5.3
25,5.32
26,5.36
27,5.37
28,5.56
29,5.66
30,5.72
31,5.94
32,6.04
33,6.13
34,6.22
35,6.39
36,6.83
37,7.88
38,8.1
39,8.34
40,8.36
41,8.76
42,9.04
43,9.17
44,9.61
45,9.65
46,9.76
47,9.91
48,10.03
49,10.34
50,10.59
51,10.73
52,10.91
53,10.92
54,11.12
55,11.24
56,11.32
57,11.99
58,12.1
59,12.3
60,13.16
61,13.42
62,13.69
63,13.73
64,13.78
65,13.94
66,14.11
67,14.47
68,15.12
69,15.19
70,15.81
71,15.96
72,16.42
73,16.56
74,17.57
75,17.62
76,17.72
77,17.84
78,18.06
79,18.36
80,18.96
81,19.52
82,19.56
83,20.16
84,20.42
85,20.42
86,20.67
87,21.45
88,21.76
89,21.95
90,22.47
91,23.23
92,23.23
93,23.95
94,24.38
95,24.6
96,24.62
97,24.66
98,25.66
99,25.9
100,26.34
101,26.24
102,26.23
103,26.65
104,26.59
105,26.8
106,26.13
107,25.87
108,25.4
109,25.59
110,26.0
111,25.95
112,25.59
113,26.78
114,27.34
115,27.18
116,27.97
117,27.9
118,29.09
119,28.75
120,29.03
121,28.98
122,30.42
123,31.11
124,31.34
125,31.32
126,32.35
127,32.54
128,32.75
129,33.13
130,33.29
131,33.19
132,33.29
133,33.54
134,34.68
135,35.43
136,35.16
137,35.19
138,35.43
139,36.68
140,36.77
141,36.45
142,36.3
143,36.18
144,35.79
145,36.51
146,36.74
147,37.11
148,37.1
149,36.99
150,37.84
151,38.61
152,38.42
153,38.85
154,40.54
155,40.76
156,40.76
157,40.3
158,40.2
159,40.66
160,40.38
161,41.07
162,40.8
163,41.43
164,41.57
165,41.93
166,42.58
167,43.34
168,43.15
169,43.25
170,42.81
171,43.56
172,44.42
173,45.05
174,44.46
175,45.37
176,46.35
177,46.55
178,47.26
179,47.77
180,47.21
181,46.92
182,47.57
183,47.33
184,47.2
185,47.43
186,48.08
187,47.8
188,47.53
189,47.37
190,47.67
191,47.61
192,47.93
193,47.87
194,48.47
195,48.79
196,49.25
197,50.29
198,49.36
199,49.21
200,49.02
201,49.18
202,50.2
203,50.28
204,50.15
205,49.87
206,50.0
207,50.2
208,50.57
209,50.35
210,50.18
211,51.36
212,51.78
213,51.36
214,51.72
215,51.93
216,52.52
217,52.59
218,51.51
219,51.56
220,51.28
221,51.4
222,50.67
223,50.03
224,49.77
225,50.0
226,49.75
227,50.52
228,51.69
229,51.37
230,51.53
231,52.04
232,52.65
233,52.34
234,51.64
235,51.34
236,52.02
237,51.15
238,51.23
239,49.76
240,49.75
241,50.31
242,51.07
243,52.02
244,52.2
245,51.69
246,53.05
247,52.83
248,53.58
249,53.98
250,54.26
251,54.09
252,54.27
253,54.61
254,53.59
255,54.06
256,54.33
257,55.88
258,56.47
259,57.38
260,56.95
261,56.41
262,56.6
263,56.08
264,56.95
265,57.98
266,57.48
267,57.74
268,57.84
269,57.89
270,58.04
271,57.98
272,56.75
273,56.65
274,56.26
275,55.35
276,54.65
277,54.34
278,54.89
279,54.13
280,54.11
281,54.81
282,54.41
283,54.61
284,54.57
285,54.89
286,54.16
287,55.5
288,55.8
289,57.47
290,57.66
291,57.13
292,56.99
293,56.6
294,56.41
295,56.49
296,57.4
297,56.91
298,57.14
299,57.67
300,57.54
301,57.65
302,57.33
303,56.81
304,56.52
305,56.69
306,56.78
307,56.39
308,56.24
309,58.67
310,58.79
311,58.69
312,58.88
313,59.21
314,59.81
315,59.73
316,58.25
317,59.76
318,60.26
319,60.45
320,61.53
321,61.5
322,63.16
323,63.86
324,66.94
325,67.9
326,68.48
327,67.69
328,66.49
329,66.71
330,66.44
331,66.01
332,66.38
333,66.66
334,66.27
335,65.68
336,64.9
337,65.8
338,65.56
339,66.59
340,69.71
341,69.2
342,69.6
343,69.77
344,71.71
345,71.88
346,71.24
347,72.29
348,73.26
349,72.88
350,73.38
351,73.45
352,73.81
353,74.23
354,74.05
355,74.83
356,74.9
357,73.32
358,72.98
359,73.47
360,73.57
361,75.33
362,76.15
363,76.31
364,75.95
365,74.92
366,75.24
367,74.13
368,73.98
369,75.31
370,76.0
371,76.59
372,76.73
373,76.61
374,76.83
375,76.98
376,77.35
377,78.07
378,77.65
379,78.34
380,79.54
381,79.19
382,79.48
383,79.19
384,80.17
385,80.42
386,80.66
387,78.96
388,81.44
389,80.56
390,81.55
391,82.45
392,83.24
393,84.47
394,84.69
395,84.99
396,83.9
397,84.0
398,84.62
399,84.34
400,84.4
401,84.58
402,83.99
403,84.35
404,84.34
405,84.85
406,85.16
407,85.63
408,85.62
409,83.95
410,87.06
411,86.24
412,85.45
413,84.32
414,82.97
415,84.67
416,84.82
417,84.74
418,85.22
419,86.05
420,85.29
421,87.78
422,85.74
423,86.21
424,85.4
425,84.44
426,83.54
427,84.41
428,84.57
429,86.33
430,87.8
431,88.02
432,88.33
433,90.05
434,90.73
435,91.58
436,91.84
437,91.86
438,92.99
439,92.26
440,90.1
441,92.49
442,92.06
443,91.25
444,89.4
445,89.39
446,89.85
447,88.57
448,90.72
449,90.78
450,90.45
451,90.27
452,90.17
453,90.22
454,90.63
455,89.57
456,89.68
457,91.26
458,93.58
459,92.26
460,94.33
461,92.25
462,92.15
463,92.42
464,93.45
465,94.01
466,95.19
467,96.16
468,96.33
469,95.61
470,94.65
471,94.58
472,94.36
473,94.13
474,95.44
475,95.43
476,94.74
477,96.12
478,95.61
479,95.18
480,94.54
481,94.5
482,95.59
483,96.1
484,96.56
485,96.06
486,95.81
487,96.24
488,94.77
489,95.21
490,93.46
491,93.97
492,94.15
493,92.69
494,91.79
495,90.9
496,92.42
497,92.05
498,93.08
499,93.25
500,93.29
501,93.42
502,93.47
503,94.1
504,94.07
505,94.14
506,93.55
507,93.99
508,93.82
509,94.15
510,92.06
511,94.11
512,94.22
513,96.12
514,96.94
515,95.54
516,96.78
517,96.92
518,97.69
519,97.71
520,98.37
521,95.85
522,95.77
523,96.19
524,94.15
525,95.18
526,95.37
527,94.47
528,94.39
529,92.5
530,92.14
531,92.53
532,92.91
533,93.59
534,95.72
535,95.88
536,96.93
537,96.51
538,95.77
539,97.16
540,96.48
541,94.79
542,95.64
543,96.39
544,96.08
545,95.89
546,95.34
547,95.8
548,92.56
549,92.62
550,91.46
551,92.69
552,93.71
553,93.54
554,92.63
555,92.32
556,92.06
557,91.73
558,90.96
559,91.37
560,90.11
561,90.89
562,90.88
563,91.0
564,91.08
565,90.15
566,89.39
567,91.07
568,91.75
569,93.75
570,94.46
571,93.69
572,95.65
573,95.61
574,94.68
575,97.14
576,98.0
577,97.09
578,96.55
579,96.92
580,96.37
581,95.79
582,94.69
583,94.15
584,94.19
585,95.61
586,97.07
587,97.59
588,97.02
589,97.75
590,99.24
591,97.83
592,97.7
593,99.09
594,99.58
595,100.04
596,99.39
597,99.42
598,98.83
599,98.96
600,99.98
601,99.86
602,100.6
603,99.73
604,99.86
605,100.35
606,100.79
607,99.96
608,101.22
609,100.79
610,100.42
611,99.0
612,99.23
613,98.61
614,98.92
615,99.55
616,101.09
617,101.14
618,100.17
619,100.95
620,101.07
621,101.4
622,101.15
623,99.81
624,100.02
625,98.91
626,99.03
627,99.81
628,99.75
629,99.57
630,99.12
631,98.79
632,96.93
633,94.43
634,92.52
635,92.92
636,92.32
637,91.98
638,92.63
639,91.08
640,91.09
641,90.34
642,90.64
643,89.63
644,91.57
645,92.0
646,91.24
647,90.75
648,90.05
649,90.38
650,90.14
651,89.99
652,90.09
653,89.97
654,91.83
655,92.36
656,92.5
657,91.73
658,90.3
659,89.29
660,89.59
661,89.41
662,90.16
663,91.24
664,90.03
665,89.91
666,89.62
667,87.03
668,87.18
669,84.42
670,85.88
671,86.28
672,84.51
673,86.08
674,86.9
675,85.36
676,85.1
677,84.6
678,86.3
679,86.03
680,86.04
681,88.92
682,89.34
683,90.78
684,89.28
685,88.41
686,88.08
687,89.38
688,88.75
689,89.71
690,88.05
691,88.47
692,87.59
693,88.08
694,87.53
695,89.22
696,88.25
697,88.32
698,87.95
699,88.85
700,89.84
701,89.69
702,88.83
703,90.38
704,91.02
705,91.18
706,91.1
707,91.22
708,90.86
709,90.83
710,91.12
711,91.19
712,92.73
713,92.44
714,91.93
715,91.22
716,89.75
717,88.37
718,89.06
719,88.12
720,87.75
721,88.2
722,90.53
723,92.74
724,93.97
725,95.08
726,95.68
727,96.11
728,97.28
729,98.5
730,97.72
731,98.07
732,98.58
733,99.48
734,99.46
735,98.91
736,99.02
737,99.47
738,99.38
739,99.26
740,99.93
741,103.46
742,102.34
743,102.98
744,102.29
745,102.8
746,103.71
747,107.21
748,108.34
749,110.03
750,110.81
751,110.62
752,110.59
753,110.7
754,109.25
755,109.59
756,111.23
757,112.91
758,113.68
759,115.94
760,116.36
761,118.38
762,117.33
763,116.67
764,116.32
765,116.71
766,117.58
767,119.16
768,119.36
769,119.39
770,117.46
771,116.7
772,116.65
773,114.83
774,113.4
775,112.35
776,111.74
777,111.15
778,109.56
779,109.31
780,109.35
781,107.5
782,108.13
783,107.64
784,107.97
785,108.01
786,107.76
787,107.35
788,109.13
789,106.32
790,106.9
791,108.28
792,108.16
793,107.44
794,108.82
795,108.33
796,108.91
797,109.71
798,109.77
799,108.24
800,106.02
801,106.49
802,107.7
803,106.16
804,106.46
805,107.49
806,107.36
807,110.05
808,110.09
809,110.83
810,110.62
811,110.63
812,111.22
813,111.61
814,112.94
815,114.63
816,113.74
817,113.65
818,112.99
819,113.62
820,113.35
821,113.55
822,112.22
823,109.98
824,109.39
825,108.18
826,106.85
827,106.55
828,105.88
829,105.67
830,107.21
831,106.72
832,106.45
833,106.23
834,107.29
835,108.08
836,109.59
837,110.78
838,112.22
839,113.37
840,113.34
841,112.11
842,112.86
843,112.79
844,112.21
845,112.21
846,111.8
847,109.38
848,108.87
849,107.58
850,108.85
851,108.87
852,107.95
853,107.09
854,106.53
855,106.3
856,104.95
857,103.47
858,103.57
859,102.68
860,105.08
861,106.68
862,107.11
863,108.12
864,108.01
865,110.07
866,109.2
867,108.49
868,107.79
869,109.23
870,110.09
871,110.47
872,111.84
873,114.22
874,114.33
875,114.78
876,116.11
877,117.26
878,118.84
879,122.4
880,124.17
881,124.59
882,123.57
883,124.93
884,125.36
885,124.75
886,125.08
887,124.74
888,122.96
889,122.85
890,123.09
891,121.52
892,122.42
893,123.31
894,123.42
895,122.2
896,123.08
897,125.96
898,126.72
899,126.78
900,126.76
901,127.74
902,128.73
903,128.56
904,129.51
905,127.23
906,128.63
907,127.86
908,128.83
909,129.31
910,128.89
911,129.58
912,128.77
913,129.09
914,127.89
915,127.69
916,130.48
917,131.43
918,131.76
919,131.52
920,132.32
921,132.27
922,133.84
923,134.26
924,134.04
925,134.98
926,138.18
927,138.98
928,139.74
929,138.7
930,138.16
931,139.19
932,141.66
933,142.32
934,140.63
935,140.28
936,139.39
937,139.47
938,137.65
939,137.33
940,139.51
941,138.43
942,136.93
943,137.76
944,138.78
945,140.67
946,141.45
947,140.35
948,142.02
949,141.03
950,139.77
951,138.42
952,140.38
953,140.89
954,140.86
955,141.39
956,142.85
957,143.93
958,144.69
959,144.02
960,140.95
961,138.61
962,138.06
963,137.26
964,138.81
965,137.96
966,138.59
967,138.29
968,138.53
969,139.82
970,139.5
971,140.72
972,140.54
973,140.0
974,139.95
975,140.77
976,141.37
977,140.8
978,140.3
979,138.17
980,137.6
981,137.91
982,139.66
983,139.12
984,140.58
985,141.76
986,141.63
987,140.33
988,141.3
989,142.29
990,142.77
991,143.35
992,143.41
993,145.28
994,144.51
995,144.1
996,143.29
997,142.61
998,142.68
999,144.2
1000,146.1
1001,145.22
1002,145.65
1003,147.88
1004,147.05
1005,148.79
1006,149.83
1007,147.74
1008,146.98
1009,146.71
1010,148.21
1011,146.87
1012,146.57
1013,145.88
1014,147.58
1015,147.28
1016,145.53
1017,145.93
1018,146.1
1019,145.49
1020,144.09
1021,144.28
1022,142.76
1023,142.03
1024,141.84
1025,141.73
1026,139.57
1027,138.81
1028,139.41
1029,141.84
1030,141.0
1031,143.35
1032,143.07
1033,142.94
1034,143.88
1035,144.09
1036,143.44
1037,142.73
1038,143.57
1039,143.77
1040,142.28
1041,142.12
1042,142.74
1043,143.28
1044,143.5
1045,142.38
1046,142.13
1047,144.82
1048,143.94
1049,144.42
1050,144.56
1051,144.61
1052,143.05
1053,143.86
1054,144.58
1055,145.41
1056,143.31
1057,143.67
1058,141.73
1059,145.46
1060,144.65
1061,145.83
1062,146.45
1063,146.68
1064,147.42
1065,146.47
1066,146.54
1067,146.22
1068,148.56
1069,147.6
1070,150.12
1071,148.86
1072,148.82
1073,150.12
1074,151.13
1075,151.74
1076,151.01
1077,152.2
1078,153.73
1079,153.56
1080,154.67
1081,154.61
1082,153.95
1083,153.44
1084,151.56
1085,151.55
1086,151.57
1087,152.8
1088,153.02
1089,153.58
1090,153.54
1091,154.92
1092,155.36
1093,154.75
1094,154.51
1095,155.68
1096,157.07
1097,155.06
1098,154.52
1099,154.14
1100,153.65
1101,153.88
1102,153.06
1103,153.52
1104,153.6
1105,154.16
1106,153.1
1107,155.29
1108,156.26
1109,155.37
1110,155.95
1111,157.93
1112,158.93
1113,158.95
1114,158.4
1115,157.88
1116,159.01
1117,158.8
1118,158.67
1119,160.74
1120,162.89
1121,163.22
1122,163.13
1123,164.27
1124,164.0
1125,164.27
1126,165.0
1127,165.81
1128,163.56
1129,162.81
1130,163.78
1131,160.05
1132,158.34
1133,157.37
1134,158.85
1135,159.08
1136,159.41
1137,158.94
1138,157.87
1139,158.45
1140,158.41
1141,159.14
1142,158.95
1143,158.64
1144,157.75
1145,157.26
1146,156.29
1147,156.32
1148,156.32
1149,157.97
1150,158.74
1151,159.06
1152,159.07
1153,157.81
1154,157.55
1155,155.55
1156,157.09
1157,156.62
1158,158.42
1159,154.51
1160,158.69
1161,157.89
1162,156.94
1163,157.33
1164,155.33
1165,155.87
1166,155.33
1167,154.88
1168,152.77
1169,152.42
1170,153.06
1171,152.72
1172,153.29
1173,150.82
1174,151.68
1175,151.4
1176,151.47
1177,151.58
1178,151.65
1179,152.84
1180,151.7
1181,152.73
1182,152.04
1183,154.11
1184,156.31
1185,157.45
1186,157.29
1187,156.98
1188,156.7
1189,156.01
1190,156.96
1191,156.49
1192,156.34
1193,154.37
1194,154.93
1195,154.78
1196,153.31
1197,152.8
1198,152.07
1199,152.33
1200,152.91
1201,153.68
1202,155.09
1203,154.98
1204,155.49
1205,154.06
1206,153.97
1207,153.13
1208,151.48
1209,151.65
1210,150.49
1211,151.51
1212,151.53
1213,151.34
1214,150.03
1215,150.12
1216,148.92
1217,149.53
1218,148.42
1219,145.71
1220,144.97
1221,143.32
1222,144.14
1223,144.8
1224,144.56
1225,145.65
1226,146.2
1227,145.86
1228,147.39
1229,146.95
1230,148.43
1231,149.72
1232,150.04
1233,150.77
1234,147.96
1235,147.37
1236,146.71
1237,147.01
1238,147.66
1239,147.41
1240,147.97
1241,147.47
1242,148.31
1243,149.5
1244,150.16
1245,151.03
1246,152.08
1247,151.87
1248,153.01
1249,152.93
1250,151.2
1251,152.25
1252,155.56
1253,157.02
1254,157.03
1255,158.74
1256,158.4
1257,158.69
1258,158.66
1259,159.53
1260,156.68
1261,157.36
1262,158.79
1263,158.24
1264,158.74
1265,160.03
1266,161.15
1267,163.21
1268,162.13
1269,161.89
1270,159.81
1271,160.92
1272,160.46
1273,162.53
1274,162.28
1275,161.2
1276,161.81
1277,160.39
1278,160.24
1279,159.04
1280,159.17
1281,157.82
1282,157.9
1283,155.5
1284,154.52
1285,154.15
1286,154.17
1287,154.08
1288,155.03
1289,155.54
1290,155.02
1291,154.73
1292,155.67
1293,156.04
1294,155.43
1295,154.37
1296,155.09
1297,156.15
1298,155.68
1299,154.59
1300,154.76
1301,154.2
1302,153.11
1303,151.67
1304,151.72
1305,152.74
1306,152.75
1307,152.89
1308,153.43
1309,153.8
1310,152.5
1311,152.68
1312,151.24
1313,151.83
1314,151.04
1315,151.2
1316,152.27
1317,151.72
1318,151.56
1319,153.41
1320,153.35
1321,155.05
1322,154.19
1323,154.79
1324,154.85
1325,154.12
1326,153.61
1327,153.14
1328,152.86
1329,152.39
1330,151.27
1331,150.49
1332,150.63
1333,152.0
1334,153.03
1335,154.89
1336,155.35
1337,155.51
1338,155.85
1339,155.94
1340,155.37
1341,154.78
1342,154.18
1343,152.63
1344,152.26
1345,151.16
1346,150.35
1347,148.81
1348,147.53
1349,148.92
1350,150.0
1351,149.56
1352,145.43
1353,144.72
1354,144.96
1355,143.26
1356,142.61
1357,141.58
1358,140.77
1359,139.87
1360,139.9
1361,137.84
1362,138.52
1363,137.68
1364,139.04
1365,138.04
1366,136.32
1367,135.99
1368,136.13
1369,135.29
1370,134.88
1371,133.72
1372,132.97
1373,130.94
1374,130.94
1375,131.93
1376,131.12
1377,132.94
1378,132.26
1379,132.33
1380,132.63
1381,132.6
1382,132.93
1383,134.22
1384,134.42
1385,133.69
1386,133.73
1387,135.51
1388,136.5
1389,137.25
1390,136.81
1391,136.63
1392,136.02
1393,135.91
1394,136.82
1395,138.33
1396,137.93
1397,137.7
1398,139.6
1399,140.16
1400,139.95
1401,139.1
1402,137.2
1403,136.47
1404,134.67
1405,132.61
1406,131.13
1407,131.89
1408,131.07
1409,129.86
1410,129.59
1411,128.34
1412,128.75
1413,128.39
1414,128.6
1415,131.16
1416,130.1
1417,129.26
1418,130.71
1419,132.49
1420,133.75
1421,133.81
1422,133.87
1423,132.87
1424,134.42
1425,133.42
1426,134.32
1427,133.56
1428,134.19
1429,135.36
1430,134.67
1431,135.6
1432,136.37
1433,136.69
1434,138.19
1435,137.29
1436,138.2
1437,137.58
1438,137.63
1439,138.38
1440,137.94
1441,138.64
1442,138.67
1443,138.39
1444,138.52
1445,137.67
1446,139.43
1447,140.75
1448,141.9
1449,140.66
1450,142.47
1451,144.93
1452,146.99
1453,148.14
1454,148.58
1455,150.86
1456,152.16
1457,152.32
1458,152.75
1459,154.32
1460,154.7
1461,156.55
1462,158.56
1463,159.91
1464,160.01
1465,158.94
1466,160.28
1467,158.82
1468,159.87
1469,159.49
1470,158.0
1471,159.86
1472,160.56
1473,161.48
1474,161.12
1475,161.87
1476,162.16
1477,162.55
1478,163.7
1479,165.67
1480,164.17
1481,163.95
1482,164.02
1483,162.76
1484,162.24
1485,161.66
1486,160.97
1487,159.55
1488,158.94
1489,156.85
1490,157.22
1491,157.32
1492,158.22
1493,158.29
1494,158.84
1495,158.86
1496,158.5
1497,157.57
1498,157.37
1499,156.52
1500,154.73
1501,154.76
1502,157.0
1503,158.23
1504,161.04
1505,164.25
1506,167.39
1507,167.3
1508,168.97
1509,171.02
1510,172.22
1511,172.02
1512,173.18
1513,172.22
1514,174.11
1515,172.09
1516,173.73
1517,174.64
1518,174.03
1519,173.08
1520,172.5
1521,173.28
1522,173.75
1523,176.03
1524,174.58
1525,175.57
1526,175.02
1527,174.82
1528,175.82
1529,174.98
1530,174.86
1531,174.57
1532,176.36
1533,174.01
1534,174.16
1535,173.38
1536,173.26
1537,173.9
1538,173.35
1539,173.56
1540,173.53
1541,173.33
1542,174.23
1543,174.91
1544,175.59
1545,176.7
1546,175.37
1547,173.72
1548,173.04
1549,171.7
1550,170.31
1551,168.25
1552,167.47
1553,166.87
1554,167.19
1555,165.94
1556,165.68
1557,165.27
1558,165.07
1559,165.62
1560,164.19
1561,161.71
1562,159.06
1563,158.11
1564,156.54
1565,156.2
1566,155.06
1567,154.99
1568,154.85
1569,155.14
1570,158.98
1571,160.74
1572,160.29
1573,160.87
1574,159.67
1575,158.97
1576,159.86
1577,159.0
1578,157.25
1579,155.66
1580,157.36
1581,159.75
1582,159.88
1583,159.28
1584,159.0
1585,159.33
1586,161.24
1587,161.14
1588,160.24
1589,161.68
1590,161.48
1591,161.73
1592,161.72
1593,161.7
1594,162.73
1595,162.75
1596,163.49
1597,163.69
1598,161.85
1599,163.06
1600,163.15
1601,163.35
1602,162.12
1603,161.84
1604,160.41
1605,158.47
1606,156.56
1607,156.72
1608,156.25
1609,155.63
1610,156.8
1611,155.61
1612,155.46
1613,156.74
1614,156.18
1615,155.52
1616,153.65
1617,153.72
1618,154.7
1619,153.97
1620,153.5
1621,152.25
1622,152.66
1623,152.09
1624,153.36
1625,153.73
1626,152.66
1627,153.39
1628,151.82
1629,151.97
1630,152.38
1631,152.29
1632,152.04
1633,152.49
1634,151.06
1635,150.2
1636,149.52
1637,148.99
1638,148.79
1639,147.93
1640,149.46
1641,149.63
1642,151.93
1643,152.33
1644,152.29
1645,154.83
1646,155.29
1647,156.69
1648,156.54
1649,157.79
1650,157.89
1651,158.19
1652,156.98
1653,155.68
1654,155.89
1655,156.76
1656,155.33
1657,156.06
1658,156.66
1659,155.58
1660,156.71
1661,156.73
1662,156.77
1663,157.38
1664,158.49
1665,160.23
1666,161.78
1667,163.29
1668,165.52
1669,168.1
1670,168.55
1671,168.29
1672,169.54
1673,170.36
1674,172.33
1675,173.53
1676,173.74
1677,172.72
1678,173.86
1679,175.94
1680,176.84
1681,175.91
1682,175.98
1683,177.29
1684,177.64
1685,179.46
1686,178.27
1687,178.36
1688,177.93
1689,177.5
1690,179.61
1691,179.2
1692,177.87
1693,177.31
1694,175.69
1695,177.41
1696,177.6
1697,178.52
1698,180.16
1699,180.49
1700,181.92
1701,182.58
1702,181.86
1703,181.9
1704,180.72
1705,179.44
1706,178.14
1707,177.1
1708,175.65
1709,175.61
1710,174.73
1711,175.52
1712,174.54
1713,174.54
1714,174.29
1715,175.39
1716,174.08
1717,173.88
1718,173.39
1719,173.3
1720,172.42
1721,172.98
1722,172.87
1723,170.84
1724,172.07
1725,172.79
1726,174.02
1727,175.08
1728,176.03
1729,176.62
1730,177.71
1731,178.66
1732,178.08
1733,177.6
1734,176.39
1735,178.88
1736,178.85
1737,179.51
1738,180.16
1739,180.88
1740,179.56
1741,179.45
1742,176.96
1743,176.21
1744,174.23
1745,170.64
1746,170.66
1747,170.5
1748,172.3
1749,171.77
1750,172.34
1751,171.65
1752,173.75
1753,174.59
1754,173.04
1755,173.68
1756,174.49
1757,175.28
1758,175.09
1759,174.74
1760,174.41
1761,175.52
1762,175.24
1763,176.68
1764,177.25
1765,177.39
1766,176.95
1767,176.57
1768,174.65
1769,174.15
1770,170.79
1771,168.88
1772,169.38
1773,168.09
1774,166.0
1775,163.69
1776,163.12
1777,163.71
1778,162.4
1779,160.03
1780,158.51
1781,157.25
1782,156.78
1783,156.56
1784,156.14
1785,154.34
1786,154.72
1787,153.4
1788,154.12
1789,153.79
1790,150.38
1791,149.14
1792,148.0
1793,147.03
1794,145.79
1795,142.95
1796,142.42
1797,142.14
1798,141.75
1799,141.51
1800,141.27
1801,141.91
1802,145.11
1803,144.97
1804,145.57
1805,146.79
1806,148.75
1807,149.07
1808,151.89
1809,152.61
1810,153.1
1811,152.45
1812,152.44
1813,151.77
1814,151.95
1815,151.13
1816,153.21
1817,153.8
1818,154.06
1819,152.75
1820,153.62
1821,153.3
1822,153.11
1823,153.57
1824,151.01
1825,148.66
1826,147.61
1827,146.77
1828,145.79
1829,144.75
1830,143.71
1831,144.37
1832,145.0
1833,146.15
1834,149.24
1835,147.89
1836,149.73
1837,151.73
1838,152.44
1839,151.29
1840,152.01
1841,152.92
1842,155.64
1843,156.81
1844,157.88
1845,158.42
1846,157.58
1847,155.75
1848,152.34
1849,150.84
1850,151.41
1851,151.87
1852,152.16
1853,151.3
1854,151.89
1855,151.24
1856,150.42
1857,149.69
1858,150.52
1859,150.55
1860,150.1
1861,149.74
1862,150.66
1863,149.45
1864,148.37
1865,147.17
1866,146.93
1867,145.65
1868,145.92
1869,145.43
1870,146.33
1871,148.0
1872,147.65
1873,146.01
1874,146.02
1875,147.14
1876,145.93
1877,145.79
1878,145.97
1879,145.78
1880,145.82
1881,145.88
1882,145.88
1883,146.56
1884,148.31
1885,148.69
1886,148.18
1887,149.01
1888,149.22
1889,149.71
1890,152.75
1891,154.96
1892,156.68
1893,158.29
1894,159.67
1895,160.31
1896,160.24
1897,159.46
1898,159.88
1899,159.85
1900,158.83
1901,159.24
1902,157.28
1903,157.19
1904,157.93
1905,157.99
1906,157.76
1907,157.23
1908,155.49
1909,154.19
1910,153.1
1911,153.56
1912,153.81
1913,154.51
1914,155.18
1915,155.22
1916,155.04
1917,154.54
1918,154.66
1919,157.11
1920,157.3
1921,157.2
1922,156.87
1923,156.93
1924,158.89
1925,160.42
1926,160.62
1927,161.62
1928,163.76
1929,164.06
1930,162.99
1931,161.15
1932,158.83
1933,158.36
1934,155.75
1935,155.76
1936,153.3
1937,151.65
1938,151.26
1939,151.49
1940,150.91
1941,150.76
1942,148.04
1943,146.81
1944,147.73
1945,149.3
1946,150.33
1947,152.84
1948,154.11
1949,156.17
1950,154.93
1951,153.68
1952,153.4
1953,153.21
1954,154.65
1955,154.03
1956,157.99
1957,158.28
1958,155.85
1959,156.39
1960,156.84
1961,157.57
1962,157.04
1963,157.64
1964,158.04
1965,158.88
1966,158.96
1967,160.25
1968,160.17
1969,159.39
1970,158.16
1971,156.26
1972,155.36
1973,158.5
1974,161.35
1975,161.32
1976,163.04
1977,163.75
1978,163.63
1979,164.13
1980,165.51
1981,165.39
1982,165.92
1983,165.22
1984,165.07
1985,165.75
1986,165.76
1987,166.61
1988,166.12
1989,166.21
1990,165.08
1991,164.05
1992,163.47
1993,162.97
1994,165.03
1995,165.37
1996,165.52
1997,166.46
1998,166.34
1999,166.88
2000,169.67
2001,168.56
2002,170.52
2003,171.21
2004,171.45
2005,171.35
2006,172.11
2007,173.43
2008,173.36
2009,173.55
2010,173.77
2011,173.81
2012,173.3
2013,174.58
2014,173.49
2015,173.87
2016,176.49
2017,176.49
2018,176.72
2019,175.07
2020,174.46
2021,174.88
2022,174.77
2023,176.27
2024,175.4
2025,175.89
2026,176.05
2027,175.3
2028,172.99
2029,173.4
2030,175.01
2031,175.47
2032,178.42
2033,180.71
2034,184.31
2035,185.2
2036,186.0
2037,188.34
2038,187.86
2039,187.72
2040,187.46
2041,186.51
2042,186.03
2043,186.95
2044,185.91
2045,187.47
2046,188.28
2047,186.7
2048,188.54
2049,188.04
2050,187.17
2051,187.8
2052,187.58
2053,188.86
2054,189.49
2055,191.86
2056,189.03
2057,188.34
2058,190.28
2059,190.35
2060,190.77
2061,190.33
2062,189.92
2063,188.29
2064,188.02
2065,188.02
2066,189.0
2067,189.15
2068,188.71
2069,189.19
2070,190.82
2071,189.68
2072,189.26
2073,187.28
2074,185.42
2075,185.33
2076,184.38
2077,183.32
2078,183.29
2079,182.65
2080,180.63
2081,179.76
2082,178.28
2083,177.1
2084,174.87
2085,173.71
2086,172.88
2087,171.89
2088,171.5
2089,173.65
2090,173.61
2091,173.56
2092,173.5
2093,174.74
2094,172.77
2095,172.26
2096,172.42
2097,172.82
2098,173.42
2099,172.84
2100,170.0
2101,171.72
2102,169.88
2103,171.9
2104,171.49
2105,172.34
2106,170.44
2107,170.1
2108,170.01
2109,171.52
2110,172.04
2111,171.17
2112,173.51
2113,172.02
2114,173.1
2115,172.54
2116,169.39
2117,170.96
2118,171.11
2119,172.65
2120,172.89
2121,173.94
2122,174.94
2123,173.97
2124,174.04
2125,173.9
2126,172.35
2127,172.83
2128,173.79
2129,174.15
2130,174.45
2131,173.51
2132,171.48
2133,169.81
2134,168.08
2135,167.2
2136,168.08
2137,166.07
2138,166.58
2139,166.58
2140,166.98
2141,167.95
2142,169.49
2143,170.22
2144,171.32
2145,167.95
2146,166.12
2147,167.55
2148,168.65
2149,168.52
2150,169.78
2151,170.1
2152,170.5
2153,171.01
2154,169.47
2155,167.11
2156,167.01
2157,166.94
2158,166.09
2159,165.55
2160,164.91
2161,164.76
2162,164.61
2163,164.93
2164,165.3
2165,163.7
2166,163.07
2167,162.46
2168,162.8
2169,163.5
2170,163.8
2171,164.66
2172,164.05
2173,166.14
2174,167.11
2175,168.71
2176,170.39
2177,169.38
2178,168.23
2179,167.0
2180,166.58
2181,167.98
2182,169.24
2183,170.36
2184,171.88
2185,171.99
2186,173.02
2187,173.98
2188,174.26
2189,172.63
2190,170.7
2191,170.72
2192,169.7
2193,169.08
2194,169.94
2195,170.19
2196,170.1
2197,169.36
2198,168.45
2199,168.67
2200,169.68
2201,168.55
2202,166.98
2203,164.43
2204,164.01
2205,164.61
2206,165.93
2207,165.22
2208,165.48
2209,164.1
2210,163.71
2211,165.45
2212,163.06
2213,163.11
2214,163.07
2215,162.64
2216,162.98
2217,161.38
2218,161.35
2219,159.81
2220,159.94
2221,158.57
2222,157.76
2223,156.8
2224,156.76
2225,156.39
2226,157.97
2227,157.5
2228,156.73
2229,155.98
2230,156.27
2231,158.82
2232,159.74
2233,160.5
2234,160.27
2235,160.23
2236,158.33
2237,158.97
2238,159.41
2239,161.65
2240,164.39
2241,165.24
2242,164.27
2243,161.5
2244,163.28
2245,164.72
2246,165.2
2247,166.93
2248,165.3
2249,163.72
2250,163.36
2251,163.57
2252,164.42
2253,163.85
2254,164.6
2255,164.67
2256,164.71
2257,164.8
2258,165.24
2259,165.23
2260,165.54
2261,165.97
2262,167.0
2263,167.27
2264,167.04
2265,169.04
2266,168.68
2267,168.98
2268,168.2
2269,167.55
2270,165.4
2271,167.71
2272,168.41
2273,167.83
2274,166.99
2275,164.92
2276,163.2
2277,164.35
2278,165.55
2279,166.91
2280,168.13
2281,167.55
2282,167.62
2283,168.43
2284,169.28
2285,169.33
2286,169.97
2287,169.44
2288,169.58
2289,169.15
2290,170.02
2291,169.77
2292,170.67
2293,170.14
2294,170.57
2295,171.35
2296,172.15
2297,172.94
2298,173.34
2299,173.2
2300,174.01
2301,174.16
2302,176.94
2303,177.57
2304,178.96
2305,177.99
2306,177.8
2307,177.49
2308,178.14
2309,178.98
2310,179.12
2311,178.14
2312,178.84
2313,179.2
2314,178.81
2315,179.67
2316,179.56
2317,179.38
2318,179.09
2319,181.06
2320,181.27
2321,181.85
2322,181.67
2323,182.31
2324,182.35
2325,184.11
2326,183.73
2327,183.53
2328,183.65
2329,183.63
2330,184.27
2331,182.79
2332,180.98
2333,179.01
2334,178.1
2335,177.88
2336,178.89
2337,177.19
2338,176.21
2339,174.57
2340,171.87
2341,171.02
2342,172.0
2343,173.04
2344,170.22
2345,169.47
2346,170.0
2347,167.74
2348,166.81
2349,167.85
2350,167.92
2351,167.47
2352,165.16
2353,165.05
2354,164.84
2355,164.22
2356,164.34
2357,163.94
2358,164.63
2359,166.17
2360,167.81
2361,169.92
2362,168.55
2363,169.18
2364,169.07
2365,168.38
2366,167.94
2367,167.27
2368,167.93
2369,168.51
2370,169.0
2371,168.35
2372,167.32
2373,165.47
2374,165.68
2375,165.51
2376,167.18
2377,168.4
2378,168.78
2379,168.66
2380,168.38
2381,169.59
2382,169.6
2383,168.47
2384,167.12
2385,166.4
2386,165.71
2387,165.64
2388,165.44
2389,165.67
2390,166.38
2391,167.31
2392,168.05
2393,168.17
2394,166.43
2395,166.14
2396,165.56
2397,166.01
2398,168.15
2399,171.11
2400,171.72
2401,173.22
2402,172.9
2403,173.37
2404,172.7
2405,172.3
2406,173.1
2407,173.01
2408,172.52
2409,171.69
2410,171.72
2411,171.98
2412,171.82
2413,172.19
2414,172.79
2415,173.3
2416,173.69
2417,175.86
2418,174.09
2419,173.12
2420,173.53
2421,173.86
2422,174.73
2423,176.37
2424,175.85
2425,174.15
2426,174.45
2427,176.09
2428,176.16
2429,176.61
2430,175.04
2431,175.82
2432,177.69
2433,178.9
2434,179.21
2435,179.91
2436,180.94
2437,181.39
2438,181.3
2439,180.98
2440,180.81
2441,182.48
2442,181.05
2443,180.36
2444,182.1
2445,182.82
2446,182.64
2447,181.38
2448,182.66
2449,183.47
2450,184.05
2451,186.18
2452,187.87
2453,188.14
2454,188.56
2455,189.24
2456,189.55
2457,190.14
2458,189.55
2459,188.24
2460,186.61
2461,183.75
2462,184.19
2463,183.93
2464,184.25
2465,184.78
2466,185.4
2467,186.95
2468,187.23
2469,187.42
2470,188.1
2471,188.32
2472,189.67
2473,188.89
2474,188.84
2475,189.46
2476,187.84
2477,186.53
2478,186.02
2479,186.11
2480,187.04
2481,185.93
2482,185.51
2483,185.35
2484,185.08
2485,185.72
2486,185.8
2487,185.58
2488,185.58
2489,186.96
2490,189.05
2491,189.03
2492,188.46
2493,189.1
2494,190.06
2495,189.68
2496,189.43
2497,188.16
2498,187.79
2499,185.8
2500,185.52
2501,184.19
2502,183.22
2503,183.06
2504,181.16
2505,181.18
2506,181.31
2507,181.95
2508,181.86
2509,182.22
2510,182.82
2511,182.62
2512,183.45
2513,182.72
2514,182.42
2515,181.48
2516,180.99
2517,180.5
2518,181.77
2519,180.81
2520,179.91
2521,178.75
2522,178.84
2523,176.84
2524,177.08
2525,176.51
2526,176.22
2527,174.89
2528,175.4
2529,175.31
2530,175.83
2531,175.43
2532,173.84
2533,174.25
2534,174.68
2535,174.53
2536,172.71
2537,173.05
2538,172.93
2539,172.94
2540,172.71
2541,170.74
2542,170.74
2543,171.19
2544,169.52
2545,168.73
2546,168.42
2547,168.98
2548,167.23
2549,166.63
2550,165.63
2551,163.91
2552,163.2
2553,161.75
2554,160.74
2555,159.11
2556,158.9
2557,158.77
2558,158.45
2559,159.0
2560,159.1
2561,158.72
2562,158.72
2563,157.99
2564,157.55
2565,157.71
2566,157.39
2567,157.18
2568,157.28
2569,156.4
2570,158.15
2571,157.67
2572,158.14
2573,159.6
2574,159.41
2575,159.79
2576,160.16
2577,161.02
2578,160.31
2579,160.96
2580,160.74
2581,159.99
2582,160.8
2583,160.79
2584,162.69
2585,162.9
2586,163.63
2587,166.13
2588,166.01
2589,166.09
2590,163.71
2591,162.98
2592,163.27
2593,164.44
2594,163.89
2595,163.69
2596,164.43
2597,164.84
2598,163.06
2599,162.26
2600,161.22
2601,160.69
2602,160.45
2603,159.87
2604,161.95
2605,163.81
2606,162.8
2607,162.51
2608,163.9
2609,164.1
2610,164.2
2611,164.52
2612,164.17
2613,165.56
2614,167.0
2615,166.36
2616,164.96
2617,163.7
2618,164.38
2619,165.95
2620,166.76
2621,165.65
2622,165.16
2623,165.11
2624,165.95
2625,166.35
2626,165.41
2627,165.47
2628,165.35
2629,166.23
2630,168.15
2631,168.71
2632,169.23
2633,169.82
2634,169.28
2635,170.34
2636,172.54
2637,172.26
2638,172.93
2639,173.18
2640,173.13
2641,175.45
2642,178.37
2643,178.8
2644,178.92
2645,180.37
2646,180.93
2647,180.55
2648,180.65
2649,180.2
2650,179.64
2651,179.02
2652,178.23
2653,179.91
2654,179.75
2655,181.06
2656,180.71
2657,181.0
2658,181.33
2659,180.36
2660,179.84
2661,180.84
2662,181.41
2663,181.91
2664,182.15
2665,182.68
2666,185.59
2667,185.28
2668,185.03
2669,184.71
2670,184.34
2671,183.06
2672,182.61
2673,182.42
2674,181.74
2675,180.56
2676,179.08
2677,177.64
2678,181.43
2679,179.62
2680,177.95
2681,178.27
2682,177.43
2683,176.69
2684,174.75
2685,173.97
2686,173.91
2687,174.1
2688,175.59
2689,174.74
2690,175.57
2691,178.87
2692,179.0
2693,179.29
2694,178.52
2695,178.87
2696,181.41
2697,183.06
2698,183.53
2699,184.99
2700,185.43
2701,185.91
2702,185.09
2703,185.01
2704,184.79
2705,182.8
2706,183.91
2707,183.94
2708,184.05
2709,182.79
2710,184.59
2711,185.8
2712,186.87
2713,186.67
2714,185.9
2715,187.17
2716,190.04
2717,188.58
2718,187.81
2719,187.93
2720,187.69
2721,189.74
2722,189.03
2723,189.93
2724,190.33
2725,191.77
2726,193.02
2727,193.09
2728,193.34
2729,192.61
2730,190.1
2731,189.92
2732,190.19
2733,188.94
2734,190.04
2735,188.81
2736,188.13
2737,188.45
2738,189.49
2739,189.6
2740,191.32
2741,189.18
2742,186.69
2743,186.65
2744,188.05
2745,187.35
2746,188.0
2747,189.54
2748,190.48
2749,191.53
2750,192.86
2751,193.58
2752,194.22
2753,193.94
2754,195.25
2755,195.35
2756,195.38
2757,197.45
2758,197.5
2759,198.35
2760,199.2
2761,198.43
2762,198.06
2763,196.62
2764,196.92
2765,196.68
2766,194.05
2767,193.15
2768,192.33
2769,193.66
2770,192.35
2771,193.71
2772,192.82
2773,194.14
2774,195.38
2775,196.31
2776,198.04
2777,199.41
2778,197.09
2779,198.37
2780,199.43
2781,198.97
2782,201.19
2783,203.73
2784,204.32
2785,206.6
2786,206.41
2787,204.96
2788,203.61
2789,202.92
2790,202.74
2791,201.19
2792,201.07
2793,199.01
2794,202.04
2795,203.09
2796,199.59
2797,198.96
2798,198.82
2799,198.71
2800,197.14
2801,195.41
2802,194.81
2803,193.31
2804,194.46
2805,193.42
2806,191.97
2807,193.1
2808,192.1
2809,191.5
2810,190.59
2811,190.67
2812,189.71
2813,189.13
2814,190.5
2815,191.29
2816,191.64
2817,195.35
2818,196.13
2819,196.08
2820,196.6
2821,196.84
2822,197.52
2823,196.96
2824,196.64
2825,195.11
2826,195.85
2827,197.28
2828,197.62
2829,197.97
2830,199.39
2831,200.62
2832,203.05
2833,205.71
2834,205.8
2835,208.03
2836,207.92
2837,207.56
2838,208.91
2839,208.9
2840,207.23
2841,207.72
2842,208.06
2843,208.27
2844,207.12
2845,206.45
2846,206.17
2847,206.41
2848,207.36
2849,208.31
2850,208.98
2851,210.5
2852,212.41
2853,214.92
2854,215.23
2855,217.3
2856,217.37
2857,216.99
2858,216.74
2859,214.9
2860,214.54
2861,215.94
2862,218.7
2863,222.17
2864,221.77
2865,220.86
2866,221.91
2867,223.0
2868,223.96
2869,224.05
2870,224.28
2871,224.54
2872,226.62
2873,226.73
2874,228.6
2875,230.27
2876,231.18
2877,232.96
2878,232.35
2879,232.5
2880,233.33
2881,234.8
2882,233.29
2883,232.63
2884,233.48
2885,232.99
2886,234.63
2887,233.53
2888,234.62
2889,235.32
2890,235.15
2891,234.56
2892,236.77
2893,237.6
2894,235.63
2895,234.79
2896,234.83
2897,232.95
2898,235.09
2899,234.73
2900,238.98
2901,239.08
2902,241.28
2903,243.7
2904,242.22
2905,242.66
2906,241.77
2907,239.97
2908,239.25
2909,240.88
2910,238.84
2911,238.38
2912,238.84
2913,239.02
2914,237.91
2915,236.22
2916,235.26
2917,235.0
2918,235.18
2919,234.62
2920,235.01
2921,235.02
2922,235.23
2923,235.21
2924,235.61
2925,235.59
2926,235.16
2927,234.82
2928,232.7
2929,233.27
2930,232.01
2931,231.36
2932,229.39
2933,227.19
2934,227.71
2935,227.78
2936,226.42
2937,224.81
2938,220.59
2939,219.03
2940,217.79
2941,217.37
2942,215.7
2943,214.1
2944,212.56
2945,213.18
2946,213.85
2947,212.77
2948,212.89
2949,210.25
2950,209.28
2951,209.82
2952,206.99
2953,205.23
2954,205.11
2955,203.98
2956,204.84
2957,203.32
2958,203.33
2959,203.08
2960,201.5
2961,199.73
2962,197.02
2963,194.61
2964,194.25
2965,195.65
2966,195.53
2967,193.73
2968,194.55
2969,194.59
2970,195.38
2971,193.95
2972,193.58
2973,194.0
2974,192.4
2975,190.8
2976,189.08
2977,186.97
2978,187.12
2979,187.7
2980,187.09
2981,188.41
2982,188.79
2983,188.43
2984,187.6
2985,186.7
2986,184.95
2987,185.07
2988,184.79
2989,183.82
2990,183.45
2991,183.87
2992,181.86
2993,181.13
2994,181.1
2995,181.57
2996,183.63
2997,185.04
2998,184.08
2999,182.82
3000,179.63
3001,181.97
3002,180.9
3003,180.54
3004,182.04
3005,183.66
3006,185.06
3007,186.15
3008,186.41
3009,186.55
3010,186.86
3011,185.62
3012,185.58
3013,188.15
3014,187.58
3015,189.5
3016,188.57
3017,186.09
3018,185.14
3019,184.06
3020,182.62
3021,182.71
3022,182.27
3023,182.53
3024,182.34
3025,182.89
3026,183.57
3027,182.4
3028,183.59
3029,182.83
3030,182.91
3031,181.84
3032,180.49
3033,179.98
3034,176.84
3035,172.97
3036,172.59
3037,172.75
3038,175.03
3039,177.77
3040,180.35
3041,181.44
3042,182.85
3043,185.05
3044,187.21
3045,188.22
3046,188.03
3047,188.0
3048,185.67
3049,187.65
3050,189.7
3051,188.87
3052,189.51
3053,189.01
3054,188.22
3055,187.54
3056,186.75
3057,186.31
3058,186.96
3059,188.28
3060,188.27
3061,189.05
3062,188.61
3063,190.29
3064,190.86
3065,189.77
3066,190.37
3067,192.4
3068,193.15
3069,193.38
3070,192.24
3071,193.2
3072,192.54
3073,190.62
3074,190.33
3075,192.05
3076,191.4
3077,191.33
3078,191.18
3079,190.57
3080,191.08
3081,189.63
3082,189.78
3083,189.45
3084,190.23
3085,190.89
3086,190.37
3087,193.57
3088,193.03
3089,193.27
3090,193.16
3091,194.1
3092,194.29
3093,195.16
3094,195.01
3095,194.37
3096,192.67
3097,191.84
3098,192.21
3099,192.23
3100,192.36
3101,191.12
3102,194.02
3103,193.05
3104,193.04
3105,191.85
3106,191.64
3107,191.85
3108,192.16
3109,192.36
3110,192.04
3111,191.87
3112,190.66
3113,187.08
3114,185.97
3115,184.64
3116,186.79
3117,188.02
3118,189.04
3119,189.21
3120,189.48
3121,190.83
3122,190.74
3123,190.04
3124,189.88
3125,189.03
3126,188.15
3127,187.66
3128,187.4
3129,187.25
3130,188.35
3131,188.29
3132,188.45
3133,189.23
3134,191.0
3135,192.41
3136,194.0
3137,194.83
3138,193.7
3139,192.4
3140,190.87
3141,190.06
3142,190.82
3143,190.63
3144,190.44
3145,189.24
3146,188.55
3147,188.84
3148,189.27
3149,188.53
3150,186.12
3151,184.52
3152,184.13
3153,184.69
3154,184.69
3155,185.31
3156,186.01
3157,186.23
3158,185.42
3159,185.64
3160,188.0
3161,188.71
3162,189.14
3163,187.62
3164,187.72
3165,188.8
3166,188.7
3167,189.75
3168,189.04
3169,188.35
3170,189.16
3171,188.39
3172,188.93
3173,189.82
3174,190.92
3175,189.22
3176,190.19
3177,190.4
3178,193.86
3179,195.74
3180,195.61
3181,195.44
3182,195.54
3183,198.12
3184,197.63
3185,197.43
3186,198.19
3187,196.79
3188,198.25
3189,199.38
3190,199.24
3191,197.72
3192,199.37
3193,198.9
3194,200.01
3195,200.5
3196,200.82
3197,200.79
3198,198.63
3199,199.52
3200,200.07
3201,202.85
3202,200.53
3203,201.51
3204,201.09
3205,203.53
3206,203.77
3207,203.55
3208,203.81
3209,203.67
3210,204.25
3211,204.69
3212,204.8
3213,205.78
3214,206.61
3215,207.56
3216,207.03
3217,206.3
3218,206.24
3219,206.61
3220,206.93
3221,204.81
3222,206.98
3223,207.32
3224,206.83
3225,207.11
3226,206.66
3227,208.98
3228,211.46
3229,213.68
3230,214.2
3231,216.83
3232,217.56
3233,218.49
3234,217.46
3235,219.88
3236,221.88
3237,224.11
3238,225.71
3239,226.9
3240,228.59
3241,230.64
3242,230.03
3243,232.22
3244,234.1
3245,234.63
3246,237.15
3247,238.24
3248,239.45
3249,241.22
3250,240.33
3251,241.07
3252,242.85
3253,242.12
3254,243.57
3255,243.31
3256,241.91
3257,241.12
3258,242.69
3259,243.72
3260,243.47
3261,243.45
3262,243.73
3263,245.16
3264,246.09
3265,245.41
3266,244.39
3267,244.69
3268,244.44
3269,243.17
3270,242.95
3271,243.52
3272,244.22
3273,244.4
3274,243.07
3275,243.67
3276,245.53
3277,246.8
3278,243.89
3279,242.17
3280,242.06
3281,242.43
3282,241.6
3283,239.06
3284,238.66
3285,238.3
3286,237.36
3287,236.18
3288,234.85
3289,234.23
3290,234.34
3291,234.88
3292,232.97
3293,232.31
3294,230.89
3295,230.36
3296,230.17
3297,229.7
3298,229.57
3299,228.6
3300,227.71
3301,225.17
3302,224.7
3303,223.7
3304,222.61
3305,221.44
3306,222.01
3307,221.72
3308,221.17
3309,220.82
3310,221.09
3311,222.0
3312,221.9
3313,221.11
3314,220.38
3315,218.91
3316,217.09
3317,216.9
3318,216.06
3319,215.54
3320,215.03
3321,214.57
3322,212.34
3323,211.96
3324,211.86
3325,211.84
3326,211.79
3327,209.66
3328,207.21
3329,204.6
3330,202.5
3331,199.52
3332,198.38
3333,196.33
3334,196.85
3335,194.0
3336,191.39
3337,189.32
3338,187.7
3339,185.49
3340,183.99
3341,180.88
3342,180.28
3343,177.35
3344,174.82
3345,173.77
3346,170.77
3347,169.07
3348,168.2
3349,165.87
3350,167.5
3351,168.0
3352,167.94
3353,170.04
3354,170.42
3355,172.32
3356,173.75
3357,174.28
3358,173.31
3359,172.63
3360,172.01
3361,171.79
3362,170.97
3363,169.36
3364,167.76
3365,166.79
3366,166.15
3367,163.83
3368,162.61
3369,163.58
3370,163.36
3371,162.22
3372,161.22
3373,161.79
3374,161.6
3375,161.22
3376,159.15
3377,156.95
3378,156.4
3379,156.46
3380,156.03
3381,154.73
3382,156.05
3383,154.89
3384,154.58
3385,155.06
3386,155.34
3387,154.71
3388,155.11
3389,154.21
3390,155.39
3391,153.86
3392,153.39
3393,154.36
3394,154.86
3395,155.12
3396,155.53
3397,155.58
3398,156.01
3399,155.72
3400,155.48
3401,154.77
3402,154.36
3403,154.57
3404,154.18
3405,152.87
3406,151.38
3407,150.79
3408,150.52
3409,150.02
3410,149.04
3411,147.68
3412,147.06
3413,148.7
3414,148.82
3415,149.28
3416,149.03
3417,149.2
3418,149.52
3419,149.44
3420,149.12
3421,149.91
3422,151.36
3423,151.49
3424,151.61
3425,154.56
3426,155.18
3427,155.32
3428,155.23
3429,155.11
3430,155.08
3431,155.09
3432,155.59
3433,155.46
3434,155.73
3435,155.68
3436,155.75
3437,156.38
3438,156.22
3439,157.0
3440,157.0
3441,156.91
3442,155.96
3443,156.05
3444,156.09
3445,156.13
3446,155.86
3447,155.79
3448,155.5
3449,155.85
3450,154.79
3451,153.45
3452,151.5
3453,149.35
3454,147.86
3455,146.48
3456,147.99
3457,149.89
3458,150.49
3459,149.94
3460,149.26
3461,149.33
3462,150.69
3463,151.52
3464,151.18
3465,151.12
3466,150.24
3467,149.49
3468,149.14
3469,147.59
3470,147.22
3471,147.34
3472,146.49
3473,143.68
3474,142.58
3475,140.73
3476,140.45
3477,141.21
3478,141.56
3479,141.81
3480,141.62
3481,143.77
3482,144.56
3483,147.61
3484,148.0
3485,147.75
3486,148.23
3487,150.0
3488,149.24
3489,150.55
3490,150.4
3491,151.6
3492,153.11
3493,153.59
3494,153.63
3495,154.24
3496,155.59
3497,156.76
3498,157.06
3499,158.42
3500,159.73
3501,160.84
3502,161.32
3503,162.06
3504,163.28
3505,164.42
3506,164.4
3507,163.87
3508,166.15
3509,167.09
3510,167.76
3511,166.89
3512,167.58
3513,166.98
3514,167.08
3515,166.72
3516,167.4
3517,167.11
3518,167.68
3519,168.02
3520,169.09
3521,168.67
3522,167.67
3523,167.86
3524,167.96
3525,165.3
3526,164.71
3527,167.2
3528,167.72
3529,168.31
3530,169.18
3531,169.98
3532,169.84
3533,170.1
3534,171.0
3535,172.04
3536,172.32
3537,170.6
3538,171.56
3539,171.57
3540,171.92
3541,173.35
3542,175.3
3543,176.74
3544,177.12
3545,177.2
3546,178.18
3547,179.78
3548,180.47
3549,181.95
3550,183.64
3551,186.09
3552,187.16
3553,187.91
3554,187.69
3555,187.44
3556,186.25
3557,185.78
3558,186.26
3559,186.85
3560,187.87
3561,187.89
3562,187.16
3563,187.36
3564,189.22
3565,190.26
3566,191.96
3567,193.57
3568,195.0
3569,196.03
3570,196.56
3571,197.58
3572,200.02
3573,201.47
3574,204.71
3575,206.77
3576,207.72
3577,207.56
3578,207.18
3579,209.03
3580,209.29
3581,207.36
3582,205.26
3583,203.2
3584,202.52
3585,201.72
3586,201.7
3587,199.85
3588,199.46
3589,197.79
3590,196.83
3591,195.53
3592,193.91
3593,192.7
3594,191.74
3595,190.31
3596,187.95
3597,186.65
3598,185.86
3599,184.68
3600,183.34
3601,182.03
3602,181.34
3603,180.39
3604,178.96
3605,177.8
3606,178.5
3607,179.41
3608,177.97
3609,177.01
3610,176.52
3611,177.48
3612,176.96
3613,175.71
3614,175.56
3615,175.2
3616,174.7
3617,176.84
3618,175.77
3619,175.28
3620,174.55
3621,174.52
3622,174.2
3623,174.39
3624,174.04
3625,175.09
3626,175.12
3627,172.97
3628,172.99
3629,173.2
3630,173.24
3631,172.85
3632,172.86
3633,175.06
3634,173.97
3635,173.42
3636,173.77
3637,176.19
3638,175.87
3639,176.07
3640,177.65
3641,177.21
3642,176.53
3643,175.02
3644,174.94
3645,175.19
3646,175.21
3647,173.96
3648,173.25
3649,172.22
3650,171.43
3651,169.34
3652,168.75
3653,168.22
3654,167.82
3655,167.04
3656,168.05
3657,167.71
3658,166.34
3659,166.76
3660,166.76
3661,167.41
3662,167.24
3663,166.42
3664,165.33
3665,164.61
3666,163.94
3667,163.41
3668,162.86
3669,163.28
3670,162.96
3671,162.63
3672,160.71
3673,161.05
3674,159.26
3675,159.25
3676,158.46
3677,158.33
3678,158.25
3679,155.8
3680,155.75
3681,156.07
3682,155.78
3683,155.65
3684,156.28
3685,156.43
3686,155.96
3687,155.8
3688,156.06
3689,156.44
3690,156.29
3691,156.47
3692,157.03
3693,157.22
3694,157.69
3695,158.38
3696,158.82
3697,159.07
3698,159.31
3699,159.73
3700,160.28
3701,160.49
3702,160.95
3703,161.08
3704,161.68
3705,162.34
3706,162.47
3707,163.0
3708,162.51
3709,163.29
3710,163.91
3711,164.09
3712,164.56
3713,165.31
3714,165.74
3715,166.18
3716,166.36
3717,164.22
3718,164.48
3719,164.82
3720,164.82
3721,164.49
3722,165.25
3723,164.5
3724,164.18
3725,162.61
3726,162.82
3727,162.2
3728,161.74
3729,160.99
3730,160.52
3731,159.92
3732,160.12
3733,158.94
3734,161.07
3735,161.41
3736,161.24
3737,160.54
3738,160.51
3739,160.29
3740,160.13
3741,159.68
3742,159.91
3743,160.14
3744,160.61
3745,160.21
3746,158.13
3747,158.24
3748,158.64
3749,158.85
3750,158.97
3751,158.6
3752,160.16
3753,160.39
3754,159.01
3755,158.72
3756,155.35
3757,155.35
3758,153.71
3759,152.91
3760,152.47
3761,151.36
3762,152.94
3763,154.68
3764,154.29
3765,154.33
3766,153.88
3767,153.86
3768,153.35
3769,152.8
3770,152.29
3771,150.44
3772,150.17
3773,149.97
3774,149.61
3775,148.62
3776,148.75
3777,148.93
3778,149.39
3779,149.06
3780,149.04
3781,148.96
3782,150.14
3783,151.75
3784,151.79
3785,151.83
3786,151.77
3787,152.18
3788,152.08
3789,152.19
3790,152.49
3791,152.58
3792,152.42
3793,151.96
3794,151.8
3795,151.79
3796,151.86
3797,153.41
3798,153.48
3799,153.16
3800,153.03
3801,153.0
3802,152.97
3803,152.94
3804,153.41
3805,152.91
3806,152.48
3807,151.98
3808,151.64
3809,151.14
3810,150.61
3811,150.19
3812,149.71
3813,148.97
3814,148.12
3815,148.2
3816,149.09
3817,148.85
3818,148.53
3819,148.15
3820,147.83
3821,147.55
3822,146.33
3823,146.37
3824,146.37
3825,146.28
3826,145.78
3827,145.75
3828,145.48
3829,145.33
3830,145.22
3831,145.43
3832,144.58
3833,143.35
3834,141.04
3835,140.34
3836,139.82
3837,139.03
3838,138.61
3839,138.28
3840,136.39
3841,135.74
3842,135.26
3843,135.23
3844,134.22
3845,134.23
3846,135.69
3847,135.25
3848,134.68
3849,133.89
3850,132.99
3851,132.98
3852,131.1
3853,130.43
3854,131.51
3855,132.01
3856,133.57
3857,132.6
3858,133.94
3859,133.91
3860,134.12
3861,134.04
3862,132.57
3863,132.76
3864,133.3
3865,133.91
3866,133.94
3867,133.61
3868,133.39
3869,133.12
3870,133.16
3871,134.66
3872,135.13
3873,134.63
3874,136.17
3875,136.57
3876,136.46
3877,135.99
3878,135.39
3879,135.59
3880,135.48
3881,135.35
3882,134.22
3883,132.16
3884,131.83
3885,131.7
3886,131.75
3887,131.83
3888,132.3
3889,132.03
3890,131.91
3891,132.86
3892,133.59
3893,135.66
3894,136.11
3895,136.54
3896,136.99
3897,136.99
3898,137.73
3899,138.4
3900,141.24
3901,142.66
3902,144.14
3903,145.56
3904,148.21
3905,148.37
3906,149.42
3907,149.58
3908,150.05
3909,150.3
3910,151.5
3911,152.52
3912,154.09
3913,155.51
3914,155.91
3915,155.98
3916,155.49
3917,155.65
3918,155.59
3919,155.76
3920,156.05
3921,156.22
3922,156.6
3923,157.32
3924,157.36
3925,157.74
3926,159.73
3927,160.78
3928,161.94
3929,163.71
3930,165.06
3931,167.1
3932,167.27
3933,168.65
3934,170.2
3935,170.36
3936,170.77
3937,171.49
3938,171.35
3939,173.07
3940,175.13
3941,175.94
3942,177.04
3943,177.89
3944,179.94
3945,181.51
3946,182.01
3947,183.88
3948,184.47
3949,186.44
3950,188.28
3951,190.3
3952,191.17
3953,192.72
3954,194.28
3955,195.63
3956,197.08
3957,198.99
3958,200.36
3959,201.26
3960,202.73
3961,204.17
3962,205.63
3963,205.15
3964,206.45
3965,207.79
3966,209.76
3967,211.89
3968,213.43
3969,213.91
3970,214.09
3971,213.86
3972,213.74
3973,216.38
3974,214.86
3975,216.49
3976,217.41
3977,220.3
3978,223.04
3979,223.62
3980,225.37
3981,228.44
3982,230.68
3983,231.23
3984,232.38
3985,235.56
3986,237.28
3987,238.3
3988,239.38
3989,240.18
3990,241.1
3991,241.2
3992,240.94
3993,239.56
3994,240.35
3995,241.22
3996,242.11
3997,242.81
3998,244.67
3999,245.38
4000,243.02
4001,241.7
4002,240.75
4003,239.89
4004,236.5
4005,237.2
4006,236.97
4007,236.58
4008,235.95
4009,235.0
4010,236.15
4011,236.95
4012,235.43
4013,236.42
4014,236.09
4015,237.01
4016,236.9
4017,239.5
4018,240.78
4019,242.22
4020,243.09
4021,244.32
4022,245.26
4023,246.55
4024,247.65
4025,248.91
4026,247.45
4027,248.21
4028,248.49
4029,247.84
4030,247.57
4031,247.1
4032,248.41
4033,248.38
4034,249.4
4035,249.64
4036,251.49
4037,251.2
4038,254.1
4039,254.47
4040,252.45
4041,251.81
4042,251.71
4043,250.6
4044,249.32
4045,248.45
4046,248.41
4047,246.74
4048,246.02
4049,244.14
4050,242.51
4051,241.06
4052,240.18
4053,238.86
4054,237.48
4055,235.56
4056,233.62
4057,231.83
4058,230.21
4059,228.9
4060,227.15
4061,225.61
4062,223.87
4063,222.07
4064,219.88
4065,218.21
4066,216.34
4067,214.56
4068,213.39
4069,212.83
4070,212.27
4071,211.93
4072,211.54
4073,208.73
4074,208.5
4075,206.79
4076,205.72
4077,203.07
4078,200.59
4079,199.82
4080,198.06
4081,195.15
4082,192.71
4083,191.29
4084,190.26
4085,188.07
4086,187.38
4087,186.62
4088,188.04
4089,189.85
4090,190.24
4091,191.98
4092,193.72
4093,195.82
4094,194.34
4095,193.46
4096,192.96
4097,190.9
4098,187.87
4099,188.13
4100,190.32
4101,193.25
4102,193.09
4103,193.98
4104,193.67
4105,193.19
4106,192.5
4107,192.52
4108,193.4
4109,197.05
4110,195.72
4111,195.65
4112,196.71
4113,196.97
4114,197.98
4115,198.02
4116,198.49
4117,196.94
4118,197.25
4119,196.41
4120,195.71
4121,194.93
4122,194.19
4123,193.34
4124,192.83
4125,192.01
4126,192.86
4127,193.04
4128,192.61
4129,192.73
4130,192.61
4131,191.85
4132,190.87
4133,190.97
4134,188.9
4135,189.27
4136,187.61
4137,187.03
4138,184.85
4139,185.44
4140,185.93
4141,188.45
4142,189.37
4143,190.36
4144,191.45
4145,192.44
4146,192.26
4147,194.2
4148,195.8
4149,196.37
4150,197.06
4151,197.44
4152,198.85
4153,199.23
4154,202.09
4155,204.42
4156,206.84
4157,207.96
4158,211.44
4159,214.58
4160,214.98
4161,216.75
4162,219.63
4163,222.07
4164,224.29
4165,225.42
4166,228.23
4167,230.4
4168,232.78
4169,232.23
4170,232.17
4171,234.42
4172,235.59
4173,237.41
4174,238.88
4175,240.95
4176,241.84
4177,242.37
4178,242.95
4179,243.65
4180,243.95
4181,244.54
4182,244.85
4183,246.72
4184,246.92
4185,246.43
4186,246.03
4187,245.93
4188,243.57
4189,241.62
4190,240.68
4191,238.12
4192,236.33
4193,233.99
4194,234.5
4195,233.52
4196,232.25
4197,233.01
4198,233.49
4199,232.06
4200,229.21
4201,226.09
4202,225.51
4203,223.76
4204,223.82
4205,223.32
4206,222.85
4207,223.06
4208,222.34
4209,219.19
4210,218.1
4211,216.3
4212,215.1
4213,212.37
4214,211.34
4215,209.93
4216,209.17
4217,208.04
4218,206.84
4219,206.61
4220,205.94
4221,205.43
4222,204.96
4223,203.92
4224,203.89
4225,206.39
4226,205.5
4227,205.87
4228,205.64
4229,204.94
4230,204.09
4231,203.69
4232,205.01
4233,205.4
4234,205.36
4235,205.91
4236,205.68
4237,206.18
4238,205.47
4239,203.1
4240,202.81
4241,200.35
4242,198.57
4243,197.77
4244,198.36
4245,197.92
4246,197.89
4247,196.2
4248,197.33
4249,196.91
4250,196.18
4251,195.38
4252,194.18
4253,194.36
4254,191.5
4255,189.79
4256,187.62
4257,186.43
4258,182.69
4259,179.72
4260,181.97
4261,180.49
4262,177.88
4263,175.74
4264,174.66
4265,174.74
4266,172.4
4267,170.23
4268,167.48
4269,168.84
4270,169.75
4271,167.91
4272,167.01
4273,165.18
4274,163.82
4275,161.79
4276,163.53
4277,163.35
4278,162.82
4279,162.28
4280,162.51
4281,161.62
4282,161.76
4283,160.76
4284,160.66
4285,160.75
4286,160.56
4287,159.93
4288,159.5
4289,159.29
4290,159.15
4291,158.93
4292,158.65
4293,158.26
4294,158.33
4295,158.87
4296,159.91
4297,159.85
4298,160.06
4299,160.63
4300,161.24
4301,161.76
4302,163.79
4303,164.92
4304,165.43
4305,165.83
4306,166.12
4307,166.42
4308,167.31
4309,167.79
4310,168.42
4311,169.04
4312,169.62
4313,170.47
4314,170.97
4315,171.64
4316,171.84
4317,173.89
4318,174.07
4319,174.33
4320,174.85
4321,176.84
4322,176.59
4323,176.38
4324,175.8
4325,172.96
4326,173.61
4327,172.66
4328,173.01
4329,173.18
4330,173.91
4331,174.41
4332,173.84
4333,173.09
4334,173.2
4335,172.7
4336,172.65
4337,173.03
4338,173.89
4339,173.97
4340,174.42
4341,175.03
4342,175.6
4343,176.11
4344,174.3
4345,173.9
4346,173.83
4347,174.78
4348,172.81
4349,172.62
4350,172.74
4351,172.77
4352,172.89
4353,172.19
4354,172.08
4355,171.69
4356,173.38
4357,173.67
4358,174.24
4359,174.76
4360,171.89
4361,171.72
4362,171.96
4363,172.24
4364,171.61
4365,170.28
4366,169.69
4367,169.46
4368,169.55
4369,168.54
4370,168.75
4371,169.64
4372,169.47
4373,170.08
4374,170.16
4375,169.87
4376,167.56
4377,166.99
4378,166.56
4379,166.35
4380,165.78
4381,166.16
4382,165.61
4383,166.78
4384,165.82
4385,165.42
4386,164.79
4387,165.32
4388,165.23
4389,165.35
4390,165.26
4391,164.94
4392,164.87
4393,165.17
4394,164.96
4395,164.64
4396,163.52
4397,163.43
4398,162.72
4399,163.29
4400,162.64
4401,162.22
4402,159.71
4403,158.09
4404,156.76
4405,155.79
4406,155.96
4407,155.31
4408,154.72
4409,153.84
4410,153.88
4411,152.85
4412,151.75
4413,151.3
4414,151.42
4415,150.86
4416,152.69
4417,151.58
4418,152.41
4419,152.44
4420,153.16
4421,151.47
4422,151.76
4423,153.73
4424,154.65
4425,155.49
4426,154.85
4427,153.56
4428,152.75
4429,152.0
4430,151.13
4431,150.57
4432,149.87
4433,149.15
4434,149.41
4435,148.68
4436,148.64
4437,148.13
4438,148.26
4439,148.83
4440,148.67
4441,147.9
4442,147.42
4443,147.48
4444,147.33
4445,146.93
4446,146.86
4447,146.13
4448,146.77
4449,148.93
4450,150.65
4451,153.05
4452,154.86
4453,156.08
4454,157.04
4455,157.49
4456,156.57
4457,157.42
4458,160.44
4459,162.34
4460,164.57
4461,163.55
4462,163.54
4463,164.67
4464,164.62
4465,164.6
4466,165.08
4467,165.21
4468,165.7
4469,166.32
4470,165.75
4471,165.69
4472,166.07
4473,165.8
4474,166.63
4475,167.14
4476,167.17
4477,167.82
4478,168.16
4479,169.38
4480,169.47
4481,169.69
4482,170.5
4483,171.21
4484,172.1
4485,172.09
4486,172.41
4487,173.31
4488,173.63
4489,173.24
4490,172.84
4491,173.45
4492,173.85
4493,173.47
4494,176.53
4495,179.6
4496,181.19
4497,182.53
4498,185.52
4499,185.19
4500,185.5
4501,188.42
4502,190.51
4503,194.02
4504,197.94
4505,201.97
4506,204.07
4507,207.07
4508,209.54
4509,211.21
4510,210.87
4511,211.9
4512,214.54
4513,214.8
4514,216.5
4515,218.68
4516,215.34
4517,216.55
4518,215.69
4519,217.35
4520,219.25
4521,221.33
4522,224.24
4523,222.99
4524,224.92
4525,226.79
4526,228.3
4527,229.05
4528,229.05
4529,232.16
4530,233.51
4531,234.41
4532,236.92
4533,237.71
4534,237.21
4535,239.53
4536,239.39
4537,242.8
4538,242.75
4539,242.53
4540,243.79
4541,247.21
4542,247.24
4543,249.31
4544,251.5
4545,252.0
4546,252.76
4547,252.49
4548,254.36
4549,255.7
4550,252.51
4551,252.54
4552,253.54
4553,254.45
4554,253.65
4555,255.07
4556,256.95
4557,256.67
4558,254.38
4559,252.18
4560,252.68
4561,253.77
4562,253.74
4563,252.31
4564,252.24
4565,251.99
4566,252.91
4567,252.12
4568,251.95
4569,251.82
4570,251.89
4571,251.75
4572,251.29
4573,251.78
4574,251.2
4575,250.88
4576,250.5
4577,250.18
4578,250.8
4579,251.31
4580,251.73
4581,252.14
4582,251.48
4583,249.8
4584,250.28
4585,250.95
4586,251.71
4587,251.27
4588,250.87
4589,253.23
4590,253.0
4591,251.54
4592,249.85
4593,248.62
4594,245.96
4595,244.77
4596,245.97
4597,245.63
4598,245.45
4599,245.22
4600,243.96
4601,240.31
4602,241.32
4603,241.3
4604,240.29
4605,239.21
4606,237.69
4607,236.48
4608,236.12
4609,237.34
4610,238.19
4611,239.94
4612,239.35
4613,241.28
4614,240.59
4615,238.91
4616,241.43
4617,239.81
4618,240.7
4619,240.15
4620,238.68
4621,236.43
4622,234.46
4623,234.41
4624,234.34
4625,232.9
4626,232.39
4627,234.55
4628,234.53
4629,231.81
4630,229.57
4631,227.5
4632,224.03
4633,223.86
4634,224.33
4635,222.02
4636,223.36
4637,222.12
4638,222.44
4639,223.17
4640,223.53
4641,220.26
4642,220.01
4643,217.16
4644,214.8
4645,213.91
4646,213.83
4647,213.44
4648,210.09
4649,206.39
4650,207.69
4651,205.17
4652,202.56
4653,200.64
4654,201.06
4655,199.65
4656,197.0
4657,197.59
4658,197.38
4659,197.94
4660,196.31
4661,196.65
4662,197.6
4663,197.8
4664,198.61
4665,198.44
4666,197.21
4667,198.48
4668,199.65
4669,200.42
4670,201.06
4671,200.93
4672,203.81
4673,204.63
4674,205.1
4675,208.32
4676,210.26
4677,213.07
4678,212.8
4679,212.92
4680,214.92
4681,214.58
4682,217.22
4683,218.79
4684,221.22
4685,223.2
4686,225.3
4687,225.42
4688,226.49
4689,225.39
4690,228.17
4691,229.52
4692,231.65
4693,232.96
4694,232.44
4695,230.65
4696,228.87
4697,227.89
4698,226.08
4699,225.42
4700,227.69
4701,228.68
4702,227.34
4703,226.67
4704,225.65
4705,223.58
4706,223.0
4707,222.32
4708,220.79
4709,218.55
4710,217.92
4711,216.2
4712,215.38
4713,213.62
4714,212.52
4715,212.3
4716,211.49
4717,211.51
4718,210.37
4719,210.27
4720,209.29
4721,209.47
4722,209.09
4723,208.8
4724,209.6
4725,208.16
4726,207.24
4727,204.95
4728,207.67
4729,208.18
4730,209.75
4731,211.53
4732,212.62
4733,211.98
4734,213.43
4735,213.4
4736,212.26
4737,210.16
4738,209.12
4739,207.83
4740,206.18
4741,206.3
4742,206.38
4743,206.75
4744,206.86
4745,206.84
4746,206.38
4747,206.75
4748,206.76
4749,207.19
4750,208.13
4751,209.61
4752,209.45
4753,209.74
4754,208.09
4755,207.48
4756,207.45
4757,205.77
4758,205.31
4759,204.73
4760,204.22
4761,203.75
4762,201.64
4763,201.81
4764,200.38
4765,200.56
4766,201.98
4767,202.55
4768,201.11
4769,200.48
4770,199.65
4771,199.59
4772,196.63
4773,197.39
4774,197.9
4775,194.77
4776,193.16
4777,190.58
4778,190.91
4779,190.46
4780,188.16
4781,188.72
4782,185.74
4783,184.92
4784,183.93
4785,182.35
4786,179.51
4787,181.03
4788,183.55
4789,182.26
4790,179.47
4791,179.09
4792,178.77
4793,179.97
4794,180.25
4795,180.99
4796,183.0
4797,183.69
4798,183.22
4799,183.05
4800,183.18
4801,183.05
4802,182.14
4803,180.78
4804,181.42
4805,181.17
4806,181.04
4807,182.82
4808,184.95
4809,184.92
4810,185.0
4811,187.38
4812,188.24
4813,187.75
4814,187.7
4815,188.17
4816,187.82
4817,187.98
4818,187.89
4819,186.37
4820,186.19
4821,186.07
4822,185.77
4823,186.31
4824,183.76
4825,184.51
4826,185.61
4827,185.56
4828,184.6
4829,184.03
4830,184.62
4831,183.63
4832,183.5
4833,185.03
4834,183.58
4835,183.67
4836,183.28
4837,183.6
4838,183.83
4839,183.71
4840,183.17
4841,183.18
4842,184.18
4843,183.76
4844,183.49
4845,183.49
4846,182.7
4847,182.72
4848,183.48
4849,184.57
4850,186.15
4851,184.68
4852,184.4
4853,183.67
4854,187.97
4855,188.75
4856,190.48
4857,191.92
4858,190.75
4859,190.86
4860,192.28
4861,192.57
4862,193.89
4863,194.27
4864,197.1
4865,197.78
4866,199.23
4867,198.05
4868,200.42
4869,201.39
4870,202.04
4871,202.17
4872,202.4
4873,201.05
4874,199.71
4875,200.58
4876,200.36
4877,200.83
4878,200.88
4879,200.53
4880,202.27
4881,201.37
4882,201.67
4883,202.54
4884,201.26
4885,200.53
4886,200.73
4887,198.83
4888,195.4
4889,196.37
4890,197.09
4891,197.8
4892,197.59
4893,197.26
4894,197.52
4895,197.47
4896,195.36
4897,194.22
4898,194.48
4899,194.9
4900,193.39
4901,193.79
4902,194.22
4903,193.28
4904,192.45
4905,192.98
4906,194.22
4907,191.44
4908,188.49
4909,188.57
4910,188.56
4911,185.63
4912,185.33
4913,185.2
4914,186.15
4915,186.0
4916,186.54
4917,185.74
4918,186.58
4919,186.95
4920,186.65
4921,186.48
4922,187.19
4923,187.52
4924,186.96
4925,186.57
4926,185.64
4927,185.64
4928,184.71
4929,184.41
4930,184.01
4931,185.1
4932,185.72
4933,184.62
4934,184.15
4935,183.73
4936,184.59
4937,184.01
4938,184.14
4939,184.12
4940,184.59
4941,185.78
4942,185.34
4943,184.59
4944,185.85
4945,188.25
4946,188.4
4947,188.16
4948,189.18
4949,189.57
4950,186.96
4951,186.92
4952,187.12
4953,186.91
4954,183.2
4955,181.9
4956,178.87
4957,178.1
4958,180.31
4959,181.65
4960,180.3
4961,180.69
4962,180.55
4963,180.25
4964,178.29
4965,178.14
4966,175.21
4967,175.32
4968,174.16
4969,173.05
4970,173.5
4971,173.47
4972,173.7
4973,173.36
4974,174.4
4975,173.95
4976,174.05
4977,174.12
4978,173.46
4979,172.29
4980,170.49
4981,170.95
4982,170.96
4983,169.47
4984,168.77
4985,167.5
4986,166.68
4987,166.32
4988,166.2
4989,167.64
4990,168.73
4991,168.61
4992,168.9
4993,170.75
4994,171.19
4995,170.85
4996,172.3
4997,174.82
4998,175.62
4999,178.32
5000,179.88
5001,181.03
5002,180.88
5003,181.47
5004,183.28
5005,184.1
5006,185.65
5007,187.01
5008,187.45
5009,188.25
5010,188.43
5011,189.19
5012,188.85
5013,189.44
5014,188.65
5015,189.07
5016,191.64
5017,192.07
5018,191.78
5019,193.11
5020,193.65
5021,194.15
5022,193.64
5023,192.92
5024,193.35
5025,193.39
5026,194.02
5027,194.17
5028,193.81
5029,194.8
5030,194.62
5031,194.43
5032,194.48
5033,194.39
5034,194.46
5035,195.26
5036,194.95
5037,195.94
5038,196.27
5039,196.69
5040,198.06
5041,197.34
5042,197.12
5043,198.4
5044,197.48
5045,195.52
5046,195.9
5047,195.88
5048,194.33
5049,192.75
5050,193.57
5051,193.63
5052,193.45
5053,193.97
5054,194.63
5055,195.62
5056,196.9
5057,196.47
5058,195.44
5059,194.37
5060,194.09
5061,193.57
5062,193.11
5063,192.71
5064,192.37
5065,191.88
5066,192.38
5067,192.32
5068,192.07
5069,192.42
5070,191.45
5071,190.72
5072,190.47
5073,189.93
5074,189.21
5075,188.86
5076,189.22
5077,188.68
5078,189.08
5079,189.78
5080,190.14
5081,190.56
5082,191.12
5083,191.84
5084,192.48
5085,194.17
5086,195.54
5087,195.67
5088,195.81
5089,193.22
5090,192.23
5091,192.35
5092,191.96
5093,190.28
5094,189.58
5095,189.4
5096,187.43
5097,185.05
5098,183.77
5099,181.05
5100,180.02
5101,178.82
5102,178.61
5103,178.3
5104,176.93
5105,177.05
5106,174.38
5107,174.3
5108,175.7
5109,176.1
5110,175.56
5111,175.14
5112,175.79
5113,175.93
5114,175.79
5115,174.79
5116,172.14
5117,173.12
5118,172.7
5119,171.36
5120,172.24
5121,172.89
5122,173.56
5123,174.72
5124,175.3
5125,175.97
5126,176.23
5127,176.87
5128,176.94
5129,177.47
5130,177.86
5131,178.37
5132,179.01
5133,180.16
5134,181.13
5135,181.9
5136,183.07
5137,183.69
5138,184.8
5139,185.79
5140,185.74
5141,186.27
5142,187.67
5143,189.25
5144,190.64
5145,191.3
5146,192.53
5147,194.02
5148,195.37
5149,197.89
5150,198.87
5151,201.14
5152,202.39
5153,204.58
5154,205.97
5155,206.9
5156,208.42
5157,209.74
5158,211.35
5159,212.67
5160,213.24
5161,214.6
5162,216.0
5163,218.29
5164,219.95
5165,221.1
5166,222.33
5167,221.29
5168,221.97
5169,223.23
5170,224.39
5171,226.34
5172,227.55
5173,230.39
5174,232.07
5175,233.26
5176,234.13
5177,236.55
5178,237.67
5179,239.34
5180,240.58
5181,242.5
5182,243.25
5183,243.24
5184,243.78
5185,244.4
5186,245.21
5187,246.3
5188,247.72
5189,248.91
5190,249.0
5191,248.8
5192,249.72
5193,249.99
5194,251.01
5195,252.62
5196,253.93
5197,254.8
5198,256.11
5199,257.28
5200,258.39
5201,259.64
5202,261.1
5203,262.42
5204,262.72
5205,262.84
5206,264.39
5207,264.74
5208,264.42
5209,264.51
5210,265.83
5211,267.11
5212,267.22
5213,268.07
5214,269.44
5215,270.76
5216,271.6
5217,271.45
5218,272.36
5219,272.49
5220,271.72
5221,272.66
5222,273.28
5223,273.88
5224,273.33
5225,273.23
5226,272.5
5227,271.87
5228,272.07
5229,272.28
5230,271.66
5231,270.97
5232,269.98
5233,268.97
5234,267.88
5235,267.22
5236,265.77
5237,264.38
5238,263.09
5239,261.7
5240,260.16
5241,259.04
5242,258.16
5243,256.83
5244,255.17
5245,253.87
5246,252.66
5247,251.47
5248,250.45
5249,248.47
5250,247.26
5251,245.53
5252,244.96
5253,242.69
5254,242.0
5255,242.24
5256,241.34
5257,241.21
5258,240.65
5259,240.23
5260,240.3
5261,239.63
5262,239.98
5263,238.52
5264,237.88
5265,238.24
5266,237.34
5267,239.51
5268,238.98
5269,238.12
5270,237.59
5271,236.5
5272,235.87
5273,233.0
5274,231.18
5275,229.78
5276,228.52
5277,226.45
5278,224.83
5279,222.97
5280,221.29
5281,218.88
5282,217.91
5283,217.65
5284,216.55
5285,215.22
5286,213.9
5287,213.06
5288,211.68
5289,210.73
5290,210.23
5291,209.99
5292,208.82
5293,208.03
5294,207.22
5295,205.74
5296,204.84
5297,203.65
5298,202.58
5299,201.4
5300,200.07
5301,198.47
5302,196.81
5303,195.52
5304,194.2
5305,192.96
5306,191.29
5307,190.1
5308,188.94
5309,187.67
5310,186.45
5311,185.06
5312,183.75
5313,182.45
5314,180.86
5315,179.78
5316,178.61
5317,177.69
5318,177.05
5319,176.66
5320,176.54
5321,174.85
5322,173.9
5323,172.11
5324,171.84
5325,170.79
5326,170.36
5327,170.11
5328,169.8
5329,168.88
5330,168.6
5331,168.38
5332,168.22
5333,168.02
5334,168.49
5335,168.26
5336,169.61
5337,170.18
5338,170.37
5339,171.0
5340,172.29
5341,175.23
5342,176.24
5343,176.18
5344,178.41
5345,179.01
5346,179.54
5347,180.03
5348,180.78
5349,180.84
5350,180.5
5351,181.04
5352,180.85
5353,181.67
5354,181.23
5355,179.96
5356,180.15
5357,179.62
5358,178.95
5359,177.97
5360,178.11
5361,177.74
5362,176.74
5363,176.55
5364,176.09
5365,174.75
5366,174.28
5367,173.5
5368,173.38
5369,173.58
5370,173.48
5371,173.95
5372,173.74
5373,174.32
5374,174.3
5375,174.24
5376,174.2
5377,173.83
5378,174.14
5379,174.13
5380,174.41
5381,174.41
5382,175.15
5383,174.86
5384,174.96
5385,174.97
5386,175.12
5387,177.05
5388,176.74
5389,177.37
5390,177.79
5391,177.59
5392,178.23
5393,178.05
5394,177.87
5395,177.74
5396,178.0
5397,178.97
5398,180.27
5399,180.6
5400,183.07
5401,183.99
5402,186.06
5403,187.82
5404,189.46
5405,190.67
5406,191.34
5407,191.96
5408,192.58
5409,194.05
5410,195.65
5411,196.51
5412,198.32
5413,200.29
5414,201.96
5415,204.9
5416,205.51
5417,206.9
5418,208.14
5419,209.38
5420,210.73
5421,211.18
5422,211.33
5423,212.96
5424,214.29
5425,215.76
5426,215.77
5427,215.8
5428,215.54
5429,215.14
5430,215.71
5431,215.61
5432,215.77
5433,217.86
5434,219.16
5435,220.47
5436,220.89
5437,220.75
5438,223.14
5439,223.86
5440,224.28
5441,222.96
5442,222.6
5443,222.07
5444,223.07
5445,222.96
5446,223.69
5447,222.93
5448,222.83
5449,224.04
5450,226.71
5451,226.39
5452,227.05
5453,227.33
5454,229.09
5455,229.21
5456,229.47
5457,229.34
5458,229.74
5459,230.68
5460,232.96
5461,235.9
5462,236.95
5463,237.7
5464,238.11
5465,240.29
5466,240.89
5467,242.38
5468,241.96
5469,242.02
5470,243.39
5471,243.1
5472,242.78
5473,242.45
5474,242.52
5475,242.67
5476,242.67
5477,242.47
5478,242.16
5479,241.93
5480,241.7
5481,241.56
5482,240.68
5483,240.73
5484,241.1
5485,241.11
5486,240.78
5487,238.32
5488,238.56
5489,237.94
5490,237.37
5491,237.64
5492,237.09
5493,237.41
5494,237.38
5495,237.39
5496,236.96
5497,236.08
5498,234.67
5499,235.32
5500,233.33
5501,234.78
5502,233.01
5503,231.8
5504,230.43
5505,229.1
5506,228.53
5507,227.65
5508,227.28
5509,225.67
5510,225.81
5511,225.03
5512,223.45
5513,221.46
5514,220.1
5515,216.49
5516,215.75
5517,215.67
5518,216.02
5519,217.91
5520,216.45
5521,215.87
5522,217.57
5523,215.9
5524,214.09
5525,212.52
5526,213.08
5527,212.7
5528,212.55
5529,212.45
5530,211.95
5531,211.9
5532,211.58
5533,210.67
5534,208.7
5535,208.42
5536,207.78
5537,207.25
5538,205.91
5539,206.51
5540,204.7
5541,205.5
5542,206.91
5543,207.86
5544,204.68
5545,205.95
5546,206.33
5547,208.37
5548,208.49
5549,209.65
5550,207.12
5551,209.53
5552,208.23
5553,210.1
5554,209.76
5555,209.46
5556,208.92
5557,208.77
5558,208.02
5559,206.67
5560,203.57
5561,202.02
5562,200.33
5563,200.57
5564,199.92
5565,197.74
5566,197.32
5567,195.66
5568,198.32
5569,197.41
5570,195.59
5571,194.87
5572,195.25
5573,195.09
5574,195.22
5575,195.47
5576,197.2
5577,197.49
5578,199.58
5579,199.6
5580,201.2
5581,201.51
5582,201.58
5583,202.99
5584,202.41
5585,202.48
5586,202.41
5587,204.68
5588,205.13
5589,205.18
5590,205.23
5591,205.84
5592,205.77
5593,205.52
5594,205.47
5595,205.62
5596,205.53
5597,205.08
5598,205.3
5599,204.05
5600,203.87
5601,201.85
5602,202.8
5603,202.27
5604,201.96
5605,202.12
5606,203.67
5607,203.91
5608,203.53
5609,203.62
5610,202.05
5611,201.99
5612,201.77
5613,201.78
5614,202.17
5615,202.69
5616,202.81
5617,201.4
5618,199.76
5619,196.49
5620,196.39
5621,197.83
5622,196.55
5623,198.32
5624,198.72
5625,200.4
5626,199.99
5627,199.87
5628,201.71
5629,201.85
5630,202.14
5631,202.01
5632,202.14
5633,200.75
5634,201.19
5635,200.63
5636,199.69
5637,200.31
5638,198.78
5639,199.6
5640,200.13
5641,198.09
5642,195.79
5643,196.54
5644,198.32
5645,196.85
5646,195.49
5647,193.53
5648,192.58
5649,189.96
5650,189.8
5651,187.58
5652,188.3
5653,186.48
5654,184.66
5655,185.14
5656,185.13
5657,186.42
5658,187.91
5659,190.98
5660,191.34
5661,189.81
5662,189.77
5663,188.34
5664,188.35
5665,189.98
5666,189.75
5667,190.23
5668,187.28
5669,187.84
5670,187.66
5671,187.59
5672,187.29
5673,187.37
5674,187.51
5675,188.96
5676,187.41
5677,187.14
5678,185.25
5679,185.28
5680,185.72
5681,185.35
5682,185.3
5683,185.41
5684,185.53
5685,185.78
5686,185.62
5687,183.5
5688,183.21
5689,183.75
5690,183.67
5691,182.85
5692,182.74
5693,182.7
5694,182.87
5695,182.61
5696,184.08
5697,184.27
5698,184.42
5699,184.68
5700,184.89
5701,184.73
5702,183.63
5703,184.14
5704,184.49
5705,184.56
5706,183.23
5707,184.67
5708,184.65
5709,184.72
5710,186.29
5711,188.06
5712,188.62
5713,188.71
5714,189.65
5715,191.34
5716,191.67
5717,193.54
5718,193.69
5719,193.66
5720,193.69
5721,192.51
5722,193.07
5723,192.83
5724,192.4
5725,192.03
5726,192.85
5727,194.73
5728,196.02
5729,195.83
5730,197.85
5731,197.8
5732,199.27
5733,198.94
5734,198.86
5735,200.74
5736,203.6
5737,204.94
5738,205.32
5739,202.68
5740,203.53
5741,205.32
5742,206.19
5743,205.99
5744,203.69
5745,203.71
5746,204.92
5747,206.59
5748,208.15
5749,207.78
5750,207.52
5751,206.61
5752,207.62
5753,208.4
5754,210.32
5755,211.21
5756,212.53
5757,212.49
5758,212.51
5759,211.23
5760,212.68
5761,212.07
5762,213.63
5763,215.16
5764,215.13
5765,214.76
5766,217.86
5767,218.87
5768,220.53
5769,222.18
5770,224.32
5771,225.79
5772,225.61
5773,227.19
5774,226.67
5775,225.79
5776,226.1
5777,227.76
5778,228.55
5779,228.38
5780,227.25
5781,229.93
5782,229.82
5783,230.3
5784,231.61
5785,233.28
5786,236.39
5787,238.84
5788,241.43
5789,241.63
5790,243.38
5791,243.43
5792,244.71
5793,246.84
5794,247.47
5795,249.11
5796,248.81
5797,251.01
5798,252.98
5799,254.38
5800,256.05
5801,257.1
5802,258.53
5803,260.1
5804,262.01
5805,263.47
5806,264.71
5807,264.8
5808,266.26
5809,268.1
5810,268.21
5811,268.22
5812,267.64
5813,268.9
5814,268.82
5815,268.7
5816,269.94
5817,269.66
5818,270.53
5819,272.26
5820,271.68
5821,273.21
5822,271.52
5823,271.49
5824,271.87
5825,272.39
5826,272.56
5827,272.38
5828,270.95
5829,272.9
5830,272.03
5831,273.33
5832,273.43
5833,275.56
5834,276.99
5835,275.72
5836,274.29
5837,274.02
5838,275.01
5839,276.46
5840,276.94
5841,274.83
5842,274.56
5843,274.95
5844,277.37
5845,279.03
5846,279.34
5847,279.07
5848,279.03
5849,280.76
5850,280.81
5851,282.56
5852,282.81
5853,282.4
5854,282.01
5855,280.52
5856,281.0
5857,280.65
5858,280.57
5859,280.58
5860,280.43
5861,281.04
5862,281.16
5863,280.87
5864,282.38
5865,282.43
5866,282.34
5867,283.51
5868,283.26
5869,282.61
5870,281.98
5871,282.0
5872,284.0
5873,283.51
5874,285.65
5875,285.93
5876,285.28
5877,284.88
5878,285.25
5879,286.98
5880,288.04
5881,286.77
5882,288.3
5883,288.05
5884,287.93
5885,288.18
5886,287.22
5887,286.54
5888,285.58
5889,284.47
5890,283.05
5891,284.62
5892,282.74
5893,281.96
5894,281.0
5895,278.77
5896,277.06
5897,274.38
5898,271.42
5899,269.26
5900,266.6
5901,265.31
5902,263.53
5903,261.37
5904,260.73
5905,260.58
5906,258.94
5907,259.53
5908,259.84
5909,257.89
5910,257.86
5911,255.61
5912,257.62
5913,255.76
5914,254.42
5915,254.78
5916,253.53
5917,253.79
5918,253.07
5919,251.37
5920,252.07
5921,250.27
5922,250.46
5923,249.06
5924,249.13
5925,246.81
5926,245.73
5927,244.14
5928,242.23
5929,241.69
5930,241.28
5931,240.08
5932,238.21
5933,237.74
5934,237.18
5935,235.58
5936,235.42
5937,233.74
5938,232.05
5939,232.1
5940,230.0
5941,230.06
5942,228.92
5943,226.81
5944,226.41
5945,224.88
5946,224.3
5947,224.34
5948,222.66
5949,221.24
5950,221.62
5951,220.35
5952,220.38
5953,219.31
5954,219.68
5955,219.2
5956,217.46
5957,216.28
5958,214.88
5959,213.17
5960,211.42
5961,211.14
5962,210.94
5963,211.01
5964,210.83
5965,209.72
5966,206.61
5967,203.83
5968,202.06
5969,200.56
5970,199.02
5971,197.59
5972,197.31
5973,196.01
5974,194.02
5975,192.53
5976,192.61
5977,191.54
5978,189.71
5979,188.32
5980,186.51
5981,185.12
5982,183.43
5983,181.42
5984,179.54
5985,177.24
5986,176.4
5987,176.05
5988,174.16
5989,174.53
5990,174.08
5991,172.71
5992,173.62
5993,171.71
5994,173.06
5995,173.56
5996,175.35
5997,177.72
5998,178.32
5999,180.33
6000,180.66
6001,180.79
6002,181.01
6003,181.35
6004,180.03
6005,178.84
6006,179.22
6007,177.07
6008,175.62
6009,175.07
6010,173.96
6011,174.79
6012,173.07
6013,173.1
6014,173.34
6015,172.01
6016,172.22
6017,170.86
6018,170.9
6019,173.22
6020,173.29
6021,173.42
6022,175.04
6023,174.27
6024,174.11
6025,174.85
6026,174.85
6027,175.31
6028,175.07
6029,173.09
6030,172.16
6031,173.67
6032,173.54
6033,173.18
6034,173.25
6035,173.33
6036,172.21
6037,172.38
6038,172.57
6039,172.35
6040,172.53
6041,172.36
6042,172.29
6043,174.06
6044,173.74
6045,173.56
6046,172.54
6047,171.03
6048,171.1
6049,172.36
6050,172.01
6051,171.59
6052,169.7
6053,171.04
6054,169.15
6055,169.62
6056,168.99
6057,168.66
6058,168.29
6059,168.02
6060,167.96
6061,167.99
6062,166.35
6063,164.95
6064,163.76
6065,163.18
6066,163.03
6067,163.06
6068,163.24
6069,163.03
6070,163.28
6071,163.49
6072,161.56
6073,161.78
6074,162.03
6075,162.34
6076,162.48
6077,162.21
6078,162.74
6079,162.51
6080,162.96
6081,163.66
6082,164.16
6083,165.44
6084,165.86
6085,166.01
6086,164.7
6087,163.79
6088,164.49
6089,164.45
6090,164.62
6091,164.18
6092,163.71
6093,164.0
6094,162.93
6095,162.79
6096,161.37
6097,159.93
6098,160.07
6099,158.85
6100,158.96
6101,158.9
6102,159.22
6103,159.43
6104,159.58
6105,159.38
6106,159.44
6107,159.62
6108,159.68
6109,160.22
6110,159.82
6111,159.94
6112,159.72
6113,160.45
6114,162.51
6115,162.16
6116,161.8
6117,161.43
6118,163.87
6119,162.91
6120,163.16
6121,163.86
6122,164.7
6123,165.69
6124,166.0
6125,166.1
6126,168.43
6127,168.71
6128,169.9
6129,170.86
6130,170.78
6131,171.36
6132,171.8
6133,173.17
6134,175.16
6135,177.69
6136,178.76
6137,179.95
6138,181.12
6139,183.1
6140,185.93
6141,187.11
6142,187.58
6143,187.44
6144,187.56
6145,189.09
6146,189.67
6147,192.3
6148,192.88
6149,191.9
6150,192.17
6151,192.26
6152,192.76
6153,191.1
6154,191.21
6155,191.48
6156,191.59
6157,192.44
6158,192.92
6159,193.22
6160,193.47
6161,193.73
6162,194.27
6163,194.5
6164,194.39
6165,194.76
6166,195.51
6167,195.83
6168,196.06
6169,196.76
6170,196.86
6171,196.46
6172,197.01
6173,196.97
6174,196.92
6175,196.87
6176,196.94
6177,197.05
6178,197.05
6179,197.19
6180,196.61
6181,196.22
6182,195.85
6183,194.77
6184,194.98
6185,194.85
6186,194.93
6187,194.37
6188,193.83
6189,193.84
6190,193.9
6191,193.95
6192,194.62
6193,194.96
6194,194.9
6195,195.05
6196,195.32
6197,194.93
6198,194.64
6199,194.34
6200,194.3
6201,194.24
6202,194.13
6203,193.56
6204,193.35
6205,193.36
6206,193.0
6207,192.67
6208,192.24
6209,192.03
6210,191.46
6211,190.85
6212,190.72
6213,190.33
6214,187.68
6215,188.04
6216,187.71
6217,187.45
6218,184.89
6219,183.36
6220,182.72
6221,181.7
6222,179.15
6223,178.62
6224,177.97
6225,177.94
6226,175.39
6227,174.87
6228,174.1
6229,173.83
6230,173.61
6231,171.4
6232,171.15
6233,168.84
6234,165.94
6235,163.69
6236,162.37
6237,161.25
6238,159.99
6239,156.7
6240,154.04
6241,152.84
6242,152.3
6243,150.85
6244,149.43
6245,148.08
6246,147.1
6247,144.73
6248,144.14
6249,143.92
6250,143.66
6251,143.53
6252,143.08
6253,143.08
6254,142.94
6255,142.61
6256,142.52
6257,141.67
6258,141.78
6259,141.51
6260,143.04
6261,142.84
6262,142.29
6263,141.47
6264,140.84
6265,140.13
6266,139.46
6267,138.5
6268,137.75
6269,137.13
6270,136.3
6271,135.74
6272,135.89
6273,135.95
6274,135.98
6275,135.94
6276,135.84
6277,136.46
6278,136.71
6279,136.63
6280,136.81
6281,136.45
6282,136.41
6283,136.32
6284,136.27
6285,136.6
6286,136.95
6287,137.2
6288,137.67
6289,137.9
6290,138.83
6291,138.95
6292,138.43
6293,138.2
6294,138.23
6295,138.68
6296,138.45
6297,138.3
6298,138.44
6299,138.51
6300,139.12
6301,139.44
6302,139.15
6303,139.33
6304,139.12
6305,140.51
6306,140.74
6307,141.02
6308,141.13
6309,141.42
6310,141.57
6311,141.76
6312,141.97
6313,143.62
6314,143.89
6315,143.47
6316,143.81
6317,144.27
6318,144.23
6319,144.15
6320,144.11
6321,143.92
6322,143.74
6323,143.84
6324,143.83
6325,143.65
6326,143.63
6327,143.38
6328,143.5
6329,143.58
6330,143.1
6331,143.23
6332,143.31
6333,143.28
6334,142.95
6335,142.86
6336,143.19
6337,143.16
6338,143.38
6339,143.68
6340,143.67
6341,143.88
6342,144.64
6343,144.88
6344,144.88
6345,144.79
6346,144.86
6347,145.45
6348,145.56
6349,145.4
6350,145.86
6351,146.01
6352,146.29
6353,146.49
6354,146.54
6355,146.74
6356,147.06
6357,147.36
6358,146.9
6359,147.03
6360,145.3
6361,145.62
6362,146.08
6363,146.93
6364,147.3
6365,147.65
6366,148.0
6367,149.19
6368,151.63
6369,153.5
6370,154.12
6371,154.96
6372,154.9
6373,154.8
6374,154.79
6375,155.59
6376,155.69
6377,155.09
6378,155.19
6379,155.45
6380,156.91
6381,157.06
6382,157.42
6383,157.69
6384,157.91
6385,157.43
6386,159.38
6387,159.08
6388,159.2
6389,158.99
6390,158.1
6391,158.16
6392,158.26
6393,158.03
6394,157.8
6395,157.6
6396,157.73
6397,157.96
6398,157.88
6399,157.76
6400,157.48
6401,157.22
6402,157.49
6403,157.3
6404,157.52
6405,156.28
6406,155.77
6407,156.05
6408,156.17
6409,156.39
6410,156.32
6411,156.23
6412,156.46
6413,154.84
6414,155.05
6415,154.81
6416,154.8
6417,154.9
6418,155.06
6419,155.04
6420,155.37
6421,155.84
6422,155.49
6423,156.45
6424,156.36
6425,156.15
6426,156.15
6427,156.2
6428,155.81
6429,155.55
6430,156.14
6431,155.79
6432,155.9
6433,157.22
6434,157.4
6435,157.39
6436,157.07
6437,157.47
6438,157.4
6439,157.11
6440,157.53
6441,157.8
6442,157.25
6443,157.78
6444,157.75
6445,158.16
6446,158.74
6447,158.03
6448,158.07
6449,159.75
6450,159.31
6451,159.19
6452,160.94
6453,160.85
6454,160.84
6455,161.1
6456,160.78
6457,160.51
6458,160.79
6459,160.23
6460,160.24
6461,161.45
6462,161.13
6463,160.9
6464,161.19
6465,161.53
6466,161.33
6467,160.95
6468,159.3
6469,157.71
6470,158.0
6471,158.12
6472,158.1
6473,158.31
6474,158.42
6475,157.71
6476,157.82
6477,157.94
6478,157.96
6479,157.89
6480,156.31
6481,156.42
6482,156.56
6483,156.53
6484,156.78
6485,157.05
6486,155.3
6487,155.6
6488,155.29
6489,155.68
6490,155.95
6491,156.18
6492,156.71
6493,157.05
6494,157.27
6495,157.39
6496,157.46
6497,157.74
6498,159.45
6499,159.65
6500,159.57
6501,159.89
6502,159.95
6503,160.24
6504,159.7
6505,159.6
6506,160.1
6507,159.8
6508,159.63
6509,159.74
6510,160.27
6511,160.4
6512,160.25
6513,160.28
6514,161.07
6515,161.11
6516,160.79
6517,159.86
6518,159.24
6519,161.53
6520,161.31
6521,161.06
6522,161.42
6523,160.38
6524,160.57
6525,160.76
6526,160.72
6527,160.73
6528,160.99
6529,161.29
6530,161.06
6531,163.3
6532,163.0
6533,163.4
6534,163.26
6535,163.14
6536,163.01
6537,162.5
6538,162.46
6539,162.65
6540,162.3
6541,162.18
6542,161.67
6543,161.2
6544,161.4
6545,161.0
6546,162.21
6547,162.6
6548,162.63
6549,161.03
6550,161.33
6551,161.66
6552,160.02
6553,161.78
6554,162.3
6555,162.27
6556,162.79
6557,163.08
6558,163.08
6559,163.9
6560,165.4
6561,163.82
6562,163.62
6563,163.59
6564,163.37
6565,163.18
6566,162.4
6567,161.66
6568,161.36
6569,162.6
6570,162.54
6571,162.14
6572,161.95
6573,161.92
6574,161.74
6575,163.13
6576,164.52
6577,164.52
6578,164.51
6579,164.45
6580,164.43
6581,164.19
6582,163.79
6583,163.6
6584,164.43
6585,164.28
6586,163.87
6587,165.01
6588,164.72
6589,164.48
6590,164.12
6591,163.75
6592,163.11
6593,162.74
6594,162.49
6595,162.15
6596,162.07
6597,161.85
6598,158.78
6599,158.77
6600,157.22
6601,157.12
6602,157.04
6603,158.41
6604,157.46
6605,157.24
6606,157.04
6607,157.07
6608,156.99
6609,156.59
6610,156.38
6611,156.2
6612,155.9
6613,155.82
6614,154.55
6615,154.47
6616,154.5
6617,154.94
6618,154.91
6619,154.38
6620,154.43
6621,154.46
6622,156.04
6623,156.17
6624,156.21
6625,155.98
6626,155.93
6627,156.02
6628,156.45
6629,156.57
6630,156.69
6631,154.65
6632,154.83
6633,152.92
6634,152.92
6635,152.88
6636,152.97
6637,153.0
6638,152.91
6639,152.78
6640,152.53
6641,152.17
6642,152.45
6643,153.75
6644,153.68
6645,153.66
6646,151.98
6647,151.55
6648,151.44
6649,151.27
6650,151.03
6651,150.69
6652,151.72
6653,149.81
6654,149.52
6655,150.72
6656,150.3
6657,150.2
6658,150.23
6659,150.19
6660,148.72
6661,149.28
6662,149.6
6663,150.43
6664,150.5
6665,150.69
6666,151.46
6667,152.2
6668,152.36
6669,152.8
6670,152.78
6671,152.79
6672,152.88
6673,152.79
6674,152.79
6675,151.47
6676,150.18
6677,151.75
6678,151.82
6679,151.87
6680,151.97
6681,152.18
6682,152.35
6683,152.56
6684,151.26
6685,151.44
6686,151.31
6687,149.9
6688,151.57
6689,153.21
6690,153.4
6691,153.97
6692,155.5
6693,155.4
6694,156.84
6695,157.17
6696,158.68
6697,160.75
6698,162.09
6699,163.89
6700,165.79
6701,166.29
6702,166.38
6703,166.9
6704,170.08
6705,171.57
6706,172.91
6707,172.93
6708,174.04
6709,176.54
6710,176.67
6711,177.54
6712,177.86
6713,178.32
6714,178.34
6715,179.59
6716,180.38
6717,182.21
6718,183.27
6719,183.25
6720,184.79
6721,185.09
6722,183.44
6723,183.43
6724,183.42
6725,185.03
6726,186.59
6727,188.0
6728,187.62
6729,187.23
6730,188.51
6731,188.71
6732,190.02
6733,190.02
6734,191.47
6735,192.61
6736,192.8
6737,192.82
6738,192.88
6739,194.45
6740,194.41
6741,194.36
6742,194.33
6743,192.73
6744,194.33
6745,196.17
6746,195.87
6747,195.69
6748,195.5
6749,195.41
6750,195.25
6751,195.17
6752,193.67
6753,193.79
6754,193.74
6755,192.34
6756,192.53
6757,193.98
6758,194.29
6759,195.55
6760,197.22
6761,198.76
6762,199.91
6763,200.83
6764,200.7
6765,200.87
6766,201.18
6767,202.43
6768,204.77
6769,203.12
6770,204.7
6771,204.73
6772,206.18
6773,207.42
6774,207.75
6775,209.42
6776,208.47
6777,209.27
6778,207.7
6779,209.34
6780,209.51
6781,208.67
6782,208.8
6783,210.16
6784,210.78
6785,211.38
6786,213.6
6787,215.08
6788,213.46
6789,212.98
6790,214.16
6791,217.0
6792,216.79
6793,217.14
6794,217.0
6795,216.89
6796,215.54
6797,214.83
6798,214.77
6799,214.91
6800,214.37
6801,213.67
6802,214.71
6803,212.82
6804,212.06
6805,210.54
6806,211.01
6807,212.11
6808,212.53
6809,211.4
6810,212.72
6811,213.44
6812,213.93
6813,216.04
6814,217.58
6815,216.49
6816,216.01
6817,215.09
6818,215.76
6819,215.57
6820,215.32
6821,216.4
6822,218.15
6823,218.41
6824,218.65
6825,218.96
6826,218.91
6827,217.79
6828,216.7
6829,218.25
6830,218.48
6831,220.85
6832,220.68
6833,221.89
6834,220.88
6835,220.13
6836,220.5
6837,221.88
6838,224.84
6839,224.79
6840,224.87
6841,226.26
6842,227.61
6843,228.83
6844,228.72
6845,227.03
6846,227.07
6847,228.8
6848,229.86
6849,230.48
6850,233.8
6851,234.34
6852,235.07
6853,237.83
6854,239.57
6855,240.92
6856,242.56
6857,241.6
6858,241.57
6859,240.49
6860,238.73
6861,237.97
6862,236.56
6863,235.9
6864,236.48
6865,237.69
6866,237.6
6867,236.4
6868,234.59
6869,234.62
6870,234.46
6871,236.25
6872,234.91
6873,234.9
6874,236.47
6875,235.22
6876,236.16
6877,234.89
6878,238.58
6879,237.29
6880,238.73
6881,240.65
6882,243.39
6883,242.47
6884,242.51
6885,243.96
6886,241.81
6887,240.42
6888,240.83
6889,240.99
6890,239.89
6891,236.58
6892,236.56
6893,236.22
6894,237.94
6895,239.85
6896,241.23
6897,241.05
6898,242.99
6899,241.41
6900,243.28
6901,246.56
6902,246.35
6903,246.45
6904,248.57
6905,250.11
6906,248.95
6907,249.58
6908,248.59
6909,247.95
6910,247.59
6911,247.92
6912,248.93
6913,248.7
6914,247.27
6915,248.68
6916,251.45
6917,252.13
6918,250.67
6919,251.18
6920,251.63
6921,251.11
6922,251.27
6923,252.66
6924,253.94
6925,252.81
6926,253.96
6927,256.32
6928,257.95
6929,257.04
6930,257.97
6931,257.0
6932,255.81
6933,255.88
6934,256.11
6935,256.1
6936,256.78
6937,257.46
6938,257.03
6939,255.9
6940,256.42
6941,255.29
6942,254.31
6943,254.26
6944,255.39
6945,256.21
6946,256.42
6947,255.62
6948,254.63
6949,254.76
6950,251.8
6951,251.69
6952,251.64
6953,249.13
6954,247.2
6955,245.6
6956,243.75
6957,243.53
6958,243.72
6959,244.81
6960,245.64
6961,247.39
6962,249.83
6963,249.37
6964,251.28
6965,251.07
6966,251.18
6967,252.77
6968,252.64
6969,253.41
6970,252.1
6971,250.65
6972,250.22
6973,251.8
6974,250.6
6975,250.82
6976,250.49
6977,251.22
6978,248.99
6979,249.77
6980,248.95
6981,248.39
6982,248.11
6983,247.43
6984,246.65
6985,244.72
6986,246.27
6987,246.07
6988,246.19
6989,244.95
6990,246.74
6991,247.13
6992,246.34
6993,248.26
6994,245.98
6995,244.36
6996,244.44
6997,243.36
6998,242.49
6999,241.93
7000,241.84
7001,238.74
7002,238.32
7003,240.56
7004,238.02
7005,236.63
7006,236.74
7007,235.68
7008,235.5
7009,237.92
7010,238.12
7011,236.96
7012,235.99
7013,234.04
7014,234.22
7015,233.17
7016,230.29
7017,228.71
7018,228.87
7019,227.67
7020,226.71
7021,226.12
7022,224.63
7023,223.56
7024,222.73
7025,222.58
7026,221.02
7027,218.65
7028,218.38
7029,218.2
7030,216.06
7031,214.78
7032,215.28
7033,214.43
7034,214.34
7035,214.71
7036,213.99
7037,212.74
7038,210.64
7039,210.64
7040,210.45
7041,210.71
7042,210.83
7043,210.13
7044,207.99
7045,207.71
7046,208.25
7047,208.12
7048,208.33
7049,208.24
7050,208.51
7051,208.87
7052,208.81
7053,208.95
7054,209.39
7055,209.83
7056,209.96
7057,210.45
7058,210.92
7059,209.95
7060,209.78
7061,207.35
7062,206.66
7063,206.36
7064,205.01
7065,205.03
7066,205.28
7067,203.99
7068,204.16
7069,204.08
7070,204.45
7071,204.66
7072,205.6
7073,203.11
7074,202.89
7075,202.43
7076,202.78
7077,202.35
7078,202.37
7079,201.44
7080,201.02
7081,200.61
7082,199.17
7083,200.03
7084,201.26
7085,201.39
7086,200.57
7087,200.89
7088,200.84
7089,201.19
7090,199.53
7091,199.42
7092,199.21
7093,197.7
7094,197.78
7095,197.79
7096,196.45
7097,196.77
7098,196.51
7099,197.2
7100,195.95
7101,196.59
7102,196.03
7103,194.71
7104,195.07
7105,195.54
7106,195.27
7107,194.44
7108,194.95
7109,192.17
7110,191.3
7111,191.21
7112,191.2
7113,191.3
7114,191.43
7115,191.6
7116,191.94
7117,192.83
7118,193.11
7119,192.92
7120,193.19
7121,193.78
7122,194.39
7123,194.25
7124,194.2
7125,194.43
7126,194.2
7127,194.59
7128,194.65
7129,195.72
7130,196.41
7131,196.7
7132,196.67
7133,196.45
7134,196.46
7135,196.42
7136,196.79
7137,196.12
7138,196.07
7139,196.54
7140,197.36
7141,197.35
7142,197.28
7143,197.31
7144,197.41
7145,197.63
7146,197.68
7147,197.65
7148,197.7
7149,198.1
7150,197.93
7151,197.94
7152,198.16
7153,198.35
7154,199.66
7155,199.64
7156,199.87
7157,199.87
7158,199.22
7159,199.16
7160,199.78
7161,199.61
7162,198.95
7163,199.12
7164,198.37
7165,197.51
7166,198.2
7167,198.14
7168,198.28
7169,198.23
7170,198.16
7171,198.48
7172,198.54
7173,198.6
7174,198.47
7175,198.51
7176,198.24
7177,197.26
7178,198.18
7179,197.9
7180,198.26
7181,198.48
7182,198.15
7183,197.73
7184,197.08
7185,197.33
7186,195.39
7187,196.12
7188,197.28
7189,197.06
7190,197.27
7191,197.27
7192,197.73
7193,197.78
7194,197.24
7195,196.92
7196,196.72
7197,196.46
7198,196.33
7199,196.18
7200,196.24
7201,195.72
7202,196.17
7203,195.39
7204,194.68
7205,194.56
7206,194.79
7207,195.05
7208,194.6
7209,194.49
7210,194.58
7211,194.39
7212,194.44
7213,195.07
7214,195.19
7215,195.81
7216,195.81
7217,195.43
7218,195.21
7219,195.0
7220,194.14
7221,193.84
7222,193.57
7223,193.34
7224,192.87
7225,192.84
7226,192.47
7227,192.62
7228,193.69
7229,193.01
7230,192.79
7231,192.3
7232,192.15
7233,192.24
7234,192.22
7235,191.86
7236,191.26
7237,191.46
7238,191.4
7239,190.88
7240,190.12
7241,189.97
7242,189.97
7243,189.88
7244,189.61
7245,189.15
7246,188.75
7247,188.4
7248,188.42
7249,187.72
7250,187.95
7251,187.4
7252,187.1
7253,187.12
7254,185.79
7255,185.85
7256,185.63
7257,185.13
7258,185.13
7259,184.97
7260,184.52
7261,184.49
7262,183.99
7263,183.96
7264,184.36
7265,184.37
7266,183.69
7267,183.62
7268,183.03
7269,182.8
7270,182.67
7271,182.0
7272,182.01
7273,181.96
7274,181.78
7275,181.72
7276,182.13
7277,182.22
7278,181.27
7279,181.65
7280,181.04
7281,180.76
7282,180.83
7283,180.76
7284,180.77
7285,180.36
7286,181.71
7287,181.34
7288,179.84
7289,179.93
7290,179.81
7291,179.9
7292,179.39
7293,179.4
7294,179.59
7295,179.68
7296,180.03
7297,180.17
7298,180.08
7299,179.91
7300,179.94
7301,180.63
7302,180.49
7303,180.33
7304,180.3
7305,180.16
7306,179.9
7307,180.19
7308,180.45
7309,180.56
7310,180.2
7311,180.68
7312,180.62
7313,179.86
7314,180.08
7315,179.45
7316,179.5
7317,179.2
7318,179.13
7319,179.48
7320,179.95
7321,179.6
7322,179.35
7323,179.67
7324,180.15
7325,179.87
7326,179.77
7327,179.25
7328,178.46
7329,178.33
7330,178.68
7331,178.81
7332,178.93
7333,178.83
7334,178.84
7335,178.99
7336,178.91
7337,178.81
7338,178.86
7339,178.84
7340,178.95
7341,179.05
7342,179.08
7343,178.94
7344,179.21
7345,178.94
7346,178.97
7347,179.3
7348,179.41
7349,179.37
7350,179.24
7351,179.24
7352,179.04
7353,178.76
7354,178.68
7355,178.45
7356,178.82
7357,178.75
7358,178.53
7359,178.63
7360,178.12
7361,177.96
7362,177.68
7363,177.45
7364,178.18
7365,178.07
7366,177.49
7367,177.21
7368,177.33
7369,177.0
7370,176.92
7371,176.88
7372,176.27
7373,176.12
7374,176.47
7375,176.52
7376,176.22
7377,176.12
7378,176.21
7379,176.29
7380,176.46
7381,176.75
7382,175.83
7383,176.33
7384,175.89
7385,178.72
7386,180.77
7387,180.52
7388,180.75
7389,180.57
7390,180.38
7391,180.04
7392,180.43
7393,180.75
7394,180.7
7395,181.22
7396,181.47
7397,181.26
7398,181.14
7399,181.11
7400,180.71
7401,180.25
7402,180.33
7403,180.38
7404,180.32
7405,180.33
7406,180.12
7407,179.91
7408,179.73
7409,181.15
7410,181.14
7411,180.8
7412,180.93
7413,180.8
7414,180.29
7415,180.07
7416,180.38
7417,180.65
7418,180.86
7419,180.23
7420,180.23
7421,180.19
7422,179.98
7423,179.65
7424,178.96
7425,178.8
7426,178.85
7427,179.26
7428,178.85
7429,178.27
7430,178.3
7431,178.25
7432,178.2
7433,178.35
7434,178.08
7435,178.05
7436,178.23
7437,178.13
7438,178.28
7439,178.25
7440,178.56
7441,178.54
7442,179.27
7443,180.38
7444,180.11
7445,180.39
7446,180.74
7447,180.71
7448,180.48
7449,180.33
7450,181.87
7451,182.12
7452,182.23
7453,182.49
7454,182.43
7455,182.95
7456,184.03
7457,183.92
7458,184.02
7459,183.98
7460,184.63
7461,184.81
7462,185.0
7463,184.85
7464,183.98
7465,183.86
7466,184.2
7467,184.46
7468,184.48
7469,184.52
7470,184.41
7471,184.78
7472,184.74
7473,184.82
7474,184.41
7475,184.87
7476,184.94
7477,185.3
7478,185.26
7479,185.36
7480,185.13
7481,185.02
7482,185.62
7483,185.12
7484,186.79
7485,184.25
7486,182.23
7487,182.28
7488,182.27
7489,182.4
7490,182.54
7491,182.96
7492,182.65
7493,182.28
7494,181.85
7495,181.57
7496,181.01
7497,181.55
7498,181.59
7499,181.66
7500,181.64
7501,181.3
7502,181.22
7503,181.24
7504,181.27
7505,181.32
7506,181.62
7507,181.21
7508,181.37
7509,179.76
7510,179.67
7511,179.45
7512,180.24
7513,180.33
7514,180.47
7515,180.86
7516,180.33
7517,180.74
7518,181.16
7519,181.95
7520,181.65
7521,181.6
7522,181.34
7523,182.29
7524,182.53
7525,182.83
7526,183.24
7527,185.25
7528,185.75
7529,186.35
7530,185.66
7531,187.26
7532,187.33
7533,187.39
7534,187.66
7535,188.09
7536,188.33
7537,188.73
7538,190.32
7539,190.49
7540,190.54
7541,190.56
7542,190.14
7543,189.07
7544,190.55
7545,190.7
7546,190.58
7547,192.38
7548,192.76
7549,193.22
7550,191.61
7551,193.5
7552,194.01
7553,194.23
7554,194.7
7555,194.86
7556,196.0
7557,196.7
7558,196.83
7559,197.04
7560,196.66
7561,196.8
7562,197.1
7563,197.98
7564,197.83
7565,198.04
7566,198.51
7567,198.72
7568,198.68
7569,198.96
7570,199.4
7571,199.79
7572,200.33
7573,200.74
7574,201.38
7575,201.87
7576,202.4
7577,201.81
7578,202.14
7579,202.16
7580,202.34
7581,202.54
7582,202.78
7583,203.26
7584,202.15
7585,201.91
7586,202.45
7587,203.35
7588,203.41
7589,203.65
7590,204.2
7591,204.38
7592,204.7
7593,203.99
7594,204.83
7595,205.16
7596,205.92
7597,205.77
7598,206.22
7599,206.63
7600,206.87
7601,208.95
7602,209.55
7603,211.09
7604,211.21
7605,213.35
7606,213.26
7607,213.7
7608,216.03
7609,217.1
7610,217.73
7611,218.07
7612,218.36
7613,218.58
7614,218.75
7615,218.85
7616,219.06
7617,218.83
7618,220.33
7619,220.17
7620,220.59
7621,221.34
7622,221.8
7623,223.3
7624,223.77
7625,223.85
7626,223.88
7627,224.1
7628,225.1
7629,225.43
7630,225.56
7631,224.34
7632,224.89
7633,226.5
7634,226.34
7635,226.07
7636,225.97
7637,225.84
7638,226.5
7639,226.49
7640,226.13
7641,226.31
7642,226.26
7643,226.61
7644,225.64
7645,225.38
7646,225.52
7647,224.94
7648,225.42
7649,225.37
7650,225.93
7651,224.76
7652,225.93
7653,225.62
7654,225.39
7655,224.95
7656,222.84
7657,222.75
7658,222.66
7659,222.77
7660,222.74
7661,222.81
7662,223.26
7663,223.0
7664,224.96
7665,224.96
7666,227.15
7667,227.13
7668,227.46
7669,227.63
7670,229.63
7671,229.22
7672,230.21
7673,230.66
7674,230.11
7675,229.73
7676,229.79
7677,230.16
7678,230.35
7679,230.05
7680,230.89
7681,230.86
7682,232.44
7683,232.26
7684,232.75
7685,232.98
7686,233.36
7687,233.14
7688,233.62
7689,233.75
7690,236.02
7691,235.86
7692,237.9
7693,238.78
7694,238.86
7695,238.9
7696,239.98
7697,239.72
7698,239.59
7699,239.58
7700,240.01
7701,238.22
7702,237.81
7703,236.62
7704,236.87
7705,236.95
7706,238.43
7707,240.85
7708,239.64
7709,240.22
7710,240.95
7711,242.63
7712,241.54
7713,242.73
7714,243.87
7715,244.47
7716,245.66
7717,246.88
7718,245.0
7719,246.1
7720,248.05
7721,248.9
7722,250.2
7723,249.41
7724,249.29
7725,250.13
7726,251.3
7727,250.2
7728,250.17
7729,250.89
7730,251.96
7731,253.18
7732,252.58
7733,252.29
7734,253.62
7735,254.96
7736,255.88
7737,257.21
7738,255.99
7739,257.16
7740,257.53
7741,259.15
7742,259.14
7743,260.4
7744,260.49
7745,261.89
7746,261.67
7747,261.48
7748,262.28
7749,263.37
7750,264.2
7751,265.03
7752,264.68
7753,265.54
7754,265.89
7755,267.36
7756,268.37
7757,269.2
7758,270.54
7759,270.34
7760,270.4
7761,271.76
7762,272.53
7763,273.31
7764,272.67
7765,274.22
7766,272.88
7767,274.48
7768,275.67
7769,276.38
7770,275.29
7771,276.47
7772,276.52
7773,276.83
7774,278.16
7775,279.08
7776,279.97
7777,281.49
7778,282.36
7779,283.88
7780,284.28
7781,285.33
7782,284.35
7783,285.49
7784,286.19
7785,286.36
7786,287.03
7787,287.15
7788,286.88
7789,288.12
7790,286.47
7791,286.83
7792,286.08
7793,287.34
7794,288.12
7795,288.93
7796,288.53
7797,290.27
7798,291.46
7799,292.42
7800,291.37
7801,292.79
7802,294.36
7803,295.35
7804,296.6
7805,295.98
7806,295.92
7807,294.57
7808,293.49
7809,293.73
7810,294.07
7811,292.22
7812,293.25
7813,293.32
7814,293.49
7815,292.58
7816,291.4
7817,291.16
7818,291.36
7819,291.83
7820,290.91
7821,291.21
7822,291.41
7823,290.11
7824,291.25
7825,291.65
7826,291.34
7827,291.12
7828,291.22
7829,291.15
7830,290.45
7831,290.82
7832,291.12
7833,291.08
7834,291.12
7835,290.96
7836,291.55
7837,291.56
7838,292.27
7839,293.13
7840,293.91
7841,293.49
7842,295.48
7843,294.63
7844,295.25
7845,294.21
7846,296.7
7847,297.13
7848,296.08
7849,295.16
7850,295.56
7851,294.32
7852,294.91
7853,295.42
7854,296.24
7855,296.25
7856,296.35
7857,296.32
7858,296.32
7859,297.88
7860,298.99
7861,298.6
7862,298.3
7863,298.42
7864,298.58
7865,298.5
7866,298.31
7867,298.65
7868,298.46
7869,298.71
7870,298.85
7871,298.83
7872,298.54
7873,298.64
7874,297.67
7875,297.69
7876,297.94
7877,297.15
7878,297.46
7879,297.66
7880,297.84
7881,298.25
7882,297.41
7883,297.7
7884,297.94
7885,299.12
7886,299.2
7887,299.72
7888,299.62
7889,299.34
7890,299.4
7891,300.76
7892,299.42
7893,299.46
7894,299.57
7895,299.44
7896,299.59
7897,299.66
7898,299.24
7899,299.42
7900,301.34
7901,301.27
7902,299.7
7903,299.79
7904,299.77
7905,299.35
7906,299.33
7907,299.51
7908,300.73
7909,300.59
7910,300.39
7911,301.54
7912,301.35
7913,300.71
7914,299.39
7915,299.5
7916,300.53
7917,300.57
7918,301.42
7919,300.9
7920,300.62
7921,300.26
7922,299.86
7923,301.16
7924,301.03
7925,300.96
7926,300.82
7927,300.65
7928,301.05
7929,301.27
7930,302.0
7931,301.37
7932,302.68
7933,303.48
7934,302.13
7935,302.33
7936,302.2
7937,302.29
7938,301.82
7939,299.79
7940,299.88
7941,299.86
7942,298.8
7943,300.94
7944,300.87
7945,301.59
7946,299.63
7947,299.28
7948,300.43
7949,301.46
7950,299.77
7951,300.8
7952,300.44
7953,300.07
7954,301.03
7955,300.77
7956,301.26
7957,301.37
7958,301.02
7959,300.5
7960,300.71
7961,300.7
7962,300.09
7963,299.19
7964,298.74
7965,298.7
7966,298.67
7967,297.57
7968,297.69
7969,297.54
7970,297.62
7971,297.8
7972,297.98
7973,298.08
7974,300.25
7975,299.39
7976,299.21
7977,298.72
7978,298.39
7979,298.02
7980,298.13
7981,298.02
7982,298.95
7983,298.78
7984,298.48
7985,298.71
7986,298.68
7987,298.65
7988,299.73
7989,298.72
7990,298.7
7991,298.51
7992,298.66
7993,297.71
7994,297.66
7995,297.89
7996,297.61
7997,295.86
7998,296.23
7999,295.99
8000,294.74
8001,294.55
8002,294.36
8003,294.38
8004,293.36
8005,294.01
8006,292.79
8007,293.07
8008,292.87
8009,292.99
8010,293.46
8011,292.25
8012,292.29
8013,292.82
8014,294.29
8015,295.86
8016,295.96
8017,295.91
8018,296.08
8019,296.2
8020,296.26
8021,296.3
8022,295.41
8023,295.25
8024,295.54
8025,295.19
8026,295.45
8027,295.68
8028,295.47
8029,295.17
8030,295.2
8031,295.71
8032,295.44
8033,294.38
8034,295.74
8035,294.31
8036,292.98
8037,293.96
8038,292.68
8039,293.8
8040,293.86
8041,294.01
8042,294.07
8043,291.32
8044,290.83
8045,291.2
8046,292.15
8047,292.58
8048,292.51
8049,292.42
8050,294.62
8051,293.63
8052,293.39
8053,293.43
8054,292.38
8055,291.01
8056,290.86
8057,290.93
8058,291.16
8059,292.09
8060,292.17
8061,292.63
8062,293.44
8063,294.83
8064,294.12
8065,293.89
8066,293.86
8067,294.38
8068,294.37
8069,294.32
8070,294.46
8071,294.87
8072,294.87
8073,294.59
8074,293.39
8075,293.23
8076,293.31
8077,294.97
8078,294.97
8079,295.38
8080,295.39
8081,295.12
8082,295.33
8083,294.12
8084,294.72
8085,293.26
8086,293.14
8087,293.54
8088,294.25
8089,295.53
8090,295.8
8091,294.36
8092,294.2
8093,295.11
8094,295.82
8095,295.56
8096,295.05
8097,296.37
8098,296.68
8099,297.77
8100,299.01
8101,299.36
8102,300.88
8103,300.36
8104,301.2
8105,300.67
8106,301.81
8107,301.44
8108,301.41
8109,301.23
8110,300.57
8111,301.94
8112,300.89
8113,301.22
8114,301.17
8115,300.41
8116,300.34
8117,300.38
8118,300.31
8119,300.41
8120,300.47
8121,300.63
8122,301.61
8123,301.81
8124,301.66
8125,302.71
8126,302.71
8127,302.46
8128,302.72
8129,302.14
8130,302.32
8131,301.98
8132,301.82
8133,302.28
8134,302.38
8135,302.56
8136,303.46
8137,302.26
8138,303.44
8139,303.3
8140,303.14
8141,302.95
8142,303.43
8143,304.55
8144,304.42
8145,302.94
8146,301.89
8147,301.64
8148,301.53
8149,301.53
8150,300.48
8151,301.26
8152,301.28
8153,301.35
8154,301.79
8155,303.21
8156,303.12
8157,303.42
8158,303.31
8159,302.85
8160,302.9
8161,302.94
8162,302.79
8163,302.45
8164,303.59
8165,303.46
8166,304.28
8167,303.97
8168,304.06
8169,304.2
8170,304.09
8171,303.57
8172,303.85
8173,304.34
8174,304.86
8175,306.0
8176,306.01
8177,305.12
8178,306.23
8179,306.42
8180,306.65
8181,307.06
8182,307.36
8183,308.51
8184,308.14
8185,309.24
8186,309.76
8187,308.86
8188,308.36
8189,308.51
8190,309.6
8191,310.98
8192,312.41
8193,312.81
8194,312.5
8195,312.68
8196,313.41
8197,313.68
8198,312.96
8199,311.9
8200,312.08
8201,311.26
8202,311.53
8203,312.12
8204,312.47
8205,312.87
8206,313.1
8207,313.03
8208,313.58
8209,313.45
8210,313.98
8211,313.29
8212,314.56
8213,315.24
8214,315.32
8215,315.48
8216,315.52
8217,315.83
8218,316.34
8219,316.38
8220,316.26
8221,316.1
8222,316.43
8223,316.47
8224,316.53
8225,315.05
8226,315.3
8227,316.11
8228,316.19
8229,317.51
8230,317.63
8231,317.72
8232,318.34
8233,318.25
8234,318.13
8235,319.35
8236,318.94
8237,319.05
8238,319.31
8239,318.52
8240,318.85
8241,318.94
8242,318.32
8243,318.52
8244,319.61
8245,321.14
8246,321.87
8247,320.81
8248,320.93
8249,321.35
8250,320.47
8251,320.86
8252,321.02
8253,320.01
8254,319.07
8255,319.27
8256,319.26
8257,318.6
8258,318.94
8259,318.71
8260,318.69
8261,319.35
8262,319.78
8263,319.89
8264,319.16
8265,319.44
8266,319.21
8267,318.56
8268,317.56
8269,317.68
8270,317.58
8271,317.72
8272,317.7
8273,317.69
8274,317.49
8275,317.47
8276,316.43
8277,316.3
8278,314.7
8279,315.67
8280,315.62
8281,315.26
8282,315.69
8283,315.59
8284,315.63
8285,316.54
8286,314.76
8287,314.47
8288,314.51
8289,314.58
8290,313.37
8291,313.19
8292,312.18
8293,312.11
8294,311.75
8295,312.01
8296,310.78
8297,310.07
8298,310.42
8299,310.63
8300,310.47
8301,311.21
8302,310.97
8303,310.92
8304,310.63
8305,310.26
8306,308.76
8307,309.39
8308,309.15
8309,309.81
8310,309.9
8311,310.91
8312,310.91
8313,309.98
8314,310.07
8315,310.37
8316,310.97
8317,310.85
8318,310.52
8319,310.09
8320,310.38
8321,310.7
8322,309.73
8323,309.5
8324,309.25
8325,309.92
8326,309.75
8327,308.11
8328,307.43
8329,307.03
8330,307.85
8331,308.18
8332,307.86
8333,307.82
8334,306.77
8335,306.49
8336,307.58
8337,307.84
8338,306.41
8339,307.94
8340,308.51
8341,308.59
8342,309.35
8343,309.15
8344,309.15
8345,309.22
8346,309.05
8347,310.08
8348,310.03
8349,309.91
8350,310.76
8351,310.42
8352,310.22
8353,311.35
8354,312.14
8355,310.8
8356,310.85
8357,311.61
8358,311.49
8359,311.9
8360,312.04
8361,311.09
8362,310.92
8363,311.19
8364,311.84
8365,312.02
8366,312.43
8367,313.21
8368,314.39
8369,314.4
8370,314.55
8371,314.49
8372,313.19
8373,313.26
8374,313.45
8375,312.46
8376,313.64
8377,313.4
8378,314.23
8379,312.82
8380,312.61
8381,312.92
8382,311.99
8383,312.29
8384,312.19
8385,311.34
8386,311.6
8387,312.35
8388,312.33
8389,312.72
8390,312.8
8391,312.9
8392,313.81
8393,313.94
8394,313.91
8395,313.91
8396,315.0
8397,315.8
8398,314.64
8399,314.93
8400,314.98
8401,315.84
8402,315.76
8403,315.84
8404,315.88
8405,315.99
8406,317.3
8407,316.85
8408,316.85
8409,316.87
8410,317.11
8411,317.15
8412,315.81
8413,316.19
8414,316.16
8415,316.29
8416,315.91
8417,316.06
8418,315.01
8419,316.33
8420,316.4
8421,316.45
8422,317.4
8423,317.81
8424,317.31
8425,317.28
8426,317.26
8427,318.74
8428,319.13
8429,320.0
8430,318.12
8431,318.8
8432,319.07
8433,319.02
